date,close,min,max,open,volume,close/usd,min/usd,max/usd,open/usd,day,month,year,is_quarter_end
2021-02-01,12.01,12.01,12.25,12.11,698270099,1.6607896010509577,1.6607896010509577,1.6607896010509577,1.6607896010509577,1,2,2021,0
2021-02-02,12.06,12.06,12.32,12.17,1022520339,1.6866896966475993,1.6866896966475993,1.6866896966475993,1.6866896966475993,2,2,2021,0
2021-02-03,12.15,12.06,12.22,12.14,697147084,1.696287712734025,1.696287712734025,1.696287712734025,1.696287712734025,3,2,2021,0
2021-02-04,12.2,12.14,12.29,12.21,685498137,1.7074160637062124,1.7074160637062124,1.7074160637062124,1.7074160637062124,4,2,2021,0
2021-02-05,12.16,12.16,12.47,12.32,965861098,1.7146805420421054,1.7146805420421054,1.7146805420421054,1.7146805420421054,5,2,2021,0
2021-02-08,12.15,12.02,12.29,12.15,621234382,1.716319871170064,1.716319871170064,1.716319871170064,1.716319871170064,8,2,2021,0
2021-02-09,12.17,12.13,12.34,12.23,794868214,1.7153166358933882,1.7153166358933882,1.7153166358933882,1.7153166358933882,9,2,2021,0
2021-02-10,12.21,12.14,12.3,12.23,714103133,1.7284824462061157,1.7284824462061157,1.7284824462061157,1.7284824462061157,10,2,2021,0
2021-02-11,12.15,12.14,12.26,12.19,481750599,1.7226467794303215,1.7226467794303215,1.7226467794303215,1.7226467794303215,11,2,2021,0
2021-02-12,12.0,11.97,12.16,12.06,455630304,1.7072615524698382,1.7072615524698382,1.7072615524698382,1.7072615524698382,12,2,2021,0
2021-02-15,12.4,12.13,12.43,12.31,1300825788,1.7752326413743735,1.7752326413743735,1.7752326413743735,1.7752326413743735,15,2,2021,0
2021-02-16,12.18,12.1,12.46,12.28,782041560,1.7582100324792493,1.7582100324792493,1.7582100324792493,1.7582100324792493,16,2,2021,0
2021-02-17,12.2,12.12,12.43,12.28,818240578,1.7387090797668419,1.7387090797668419,1.7387090797668419,1.7387090797668419,17,2,2021,0
2021-02-18,12.27,12.23,12.63,12.44,1598832116,1.7616148854304254,1.7616148854304254,1.7616148854304254,1.7616148854304254,18,2,2021,0
2021-02-19,12.3,12.12,12.31,12.21,865152747,1.7637948835608581,1.7637948835608581,1.7637948835608581,1.7637948835608581,19,2,2021,0
2021-02-22,12.64,12.32,12.77,12.58,1901073778,1.8040133588331004,1.8040133588331004,1.8040133588331004,1.8040133588331004,22,2,2021,0
2021-02-23,13.02,12.47,13.34,12.9,3553225812,1.8499573742540494,1.8499573742540494,1.8499573742540494,1.8499573742540494,23,2,2021,0
2021-02-24,12.83,12.76,13.15,12.97,2312668875,1.7947821221235223,1.7947821221235223,1.7947821221235223,1.7947821221235223,24,2,2021,0
2021-02-25,13.39,12.9,13.45,13.19,2767999675,1.8583284758653233,1.8583284758653233,1.8583284758653233,1.8583284758653233,25,2,2021,0
2021-02-26,13.49,13.02,13.61,13.38,2491241238,1.8268983356130064,1.8268983356130064,1.8268983356130064,1.8268983356130064,26,2,2021,0
2021-03-01,13.8,13.58,13.92,13.78,1786311865,1.8862766539092402,1.8862766539092402,1.8862766539092402,1.8862766539092402,1,3,2021,1
2021-03-02,14.81,13.75,15.07,14.68,5371625981,2.0218982088248145,2.0218982088248145,2.0218982088248145,2.0218982088248145,2,3,2021,1
2021-03-03,14.92,14.61,15.13,14.89,4030435091,2.029269354224471,2.029269354224471,2.029269354224471,2.029269354224471,3,3,2021,1
2021-03-04,14.72,14.66,15.17,14.96,2747824844,1.9716310156846462,1.9716310156846462,1.9716310156846462,1.9716310156846462,4,3,2021,1
2021-03-05,14.78,14.51,14.91,14.72,1328410762,1.9646156504632397,1.9646156504632397,1.9646156504632397,1.9646156504632397,5,3,2021,1
2021-03-08,14.65,14.58,14.88,14.73,1296760801,1.9257311863292803,1.9257311863292803,1.9257311863292803,1.9257311863292803,8,3,2021,1
2021-03-09,15.02,14.71,15.11,14.95,1841430414,1.9623726156258166,1.9623726156258166,1.9623726156258166,1.9623726156258166,9,3,2021,1
2021-03-10,14.9,14.84,15.02,14.93,851664050,1.958258858164231,1.958258858164231,1.958258858164231,1.958258858164231,10,3,2021,1
2021-03-11,14.75,14.43,15.01,14.77,951489954,1.9777155039487269,1.9777155039487269,1.9777155039487269,1.9777155039487269,11,3,2021,1
2021-03-12,14.5,14.5,14.8,14.63,680596039,1.9117685837090947,1.9117685837090947,1.9117685837090947,1.9117685837090947,12,3,2021,1
2021-03-15,14.69,14.44,14.83,14.67,987076778,1.945437690372136,1.945437690372136,1.945437690372136,1.945437690372136,15,3,2021,1
2021-03-16,14.74,14.63,14.87,14.72,950732604,1.9607321485580504,1.9607321485580504,1.9607321485580504,1.9607321485580504,16,3,2021,1
2021-03-17,14.55,14.53,14.92,14.72,1311067829,1.9370298875058245,1.9370298875058245,1.9370298875058245,1.9370298875058245,17,3,2021,1
2021-03-18,13.94,13.91,14.62,14.21,1337789701,1.865931359426032,1.865931359426032,1.865931359426032,1.865931359426032,18,3,2021,1
2021-03-19,13.79,13.57,14.27,13.94,1531787835,1.8942047499347536,1.8942047499347536,1.8942047499347536,1.8942047499347536,19,3,2021,1
2021-03-22,12.42,12.42,13.07,12.53,703776966,1.5685383041600365,1.5685383041600365,1.5685383041600365,1.5685383041600365,22,3,2021,1
2021-03-23,12.21,11.2,12.57,12.07,1090465721,1.5609419344941322,1.5609419344941322,1.5609419344941322,1.5609419344941322,23,3,2021,1
2021-03-24,13.01,12.21,13.01,12.6,834723000,1.630141963938904,1.630141963938904,1.630141963938904,1.630141963938904,24,3,2021,1
2021-03-25,12.67,12.63,13.25,12.95,1006407995,1.5926689460981498,1.5926689460981498,1.5926689460981498,1.5926689460981498,25,3,2021,1
2021-03-26,12.66,12.35,12.98,12.7,694800248,1.5817684321001537,1.5817684321001537,1.5817684321001537,1.5817684321001537,26,3,2021,1
2021-03-29,12.48,12.37,12.66,12.5,488746012,1.5343381937101968,1.5343381937101968,1.5343381937101968,1.5343381937101968,29,3,2021,1
2021-03-30,12.71,12.39,12.86,12.6,905929283,1.523798105742717,1.523798105742717,1.523798105742717,1.523798105742717,30,3,2021,1
2021-03-31,12.75,12.54,12.76,12.66,595326461,1.528630347208901,1.528630347208901,1.528630347208901,1.528630347208901,31,3,2021,1
2021-04-01,13.0,12.75,13.0,12.88,529476700,1.588193613018301,1.588193613018301,1.588193613018301,1.588193613018301,1,4,2021,0
2021-04-02,12.91,12.83,13.1,12.97,370185735,1.603607184557673,1.603607184557673,1.603607184557673,1.603607184557673,2,4,2021,0
2021-04-05,13.06,12.84,13.08,12.98,476594850,1.6016678930586217,1.6016678930586217,1.6016678930586217,1.6016678930586217,5,4,2021,0
2021-04-06,12.76,12.76,13.14,12.98,586646776,1.5639554836495564,1.5639554836495564,1.5639554836495564,1.5639554836495564,6,4,2021,0
2021-04-07,12.85,12.76,13.06,12.88,881633567,1.5702135979275624,1.5702135979275624,1.5702135979275624,1.5702135979275624,7,4,2021,0
2021-04-08,12.53,12.52,12.91,12.67,632852403,1.5343170268780997,1.5343170268780997,1.5343170268780997,1.5343170268780997,8,4,2021,0
2021-04-09,11.94,11.91,12.53,12.17,693973594,1.464491598184717,1.464491598184717,1.464491598184717,1.464491598184717,9,4,2021,0
2021-04-12,11.97,11.62,12.09,11.88,568334181,1.4628244610646723,1.4628244610646723,1.4628244610646723,1.4628244610646723,12,4,2021,0
2021-04-13,11.93,11.55,11.95,11.72,722332508,1.463265055807678,1.463265055807678,1.463265055807678,1.463265055807678,13,4,2021,0
2021-04-14,11.93,11.87,12.19,12.0,446344990,1.475115919629057,1.475115919629057,1.475115919629057,1.475115919629057,14,4,2021,0
2021-04-15,11.9,11.77,12.07,11.92,622657386,1.4743780354841909,1.4743780354841909,1.4743780354841909,1.4743780354841909,15,4,2021,0
2021-04-16,11.65,11.65,11.99,11.82,490556890,1.4432785341741103,1.4432785341741103,1.4432785341741103,1.4432785341741103,16,4,2021,0
2021-04-19,11.6,11.55,11.79,11.7,455732319,1.438153212908665,1.438153212908665,1.438153212908665,1.438153212908665,19,4,2021,0
2021-04-20,11.16,11.15,11.64,11.33,473831862,1.375112436388728,1.375112436388728,1.375112436388728,1.375112436388728,20,4,2021,0
2021-04-21,10.9,10.72,11.23,10.98,587196749,1.3361117921059085,1.3361117921059085,1.3361117921059085,1.3361117921059085,21,4,2021,0
2021-04-22,11.27,10.72,11.27,11.05,617850885,1.3604046207887208,1.3604046207887208,1.3604046207887208,1.3604046207887208,22,4,2021,0
2021-04-26,11.73,11.27,11.82,11.6,1107773087,1.4057163401042603,1.4057163401042603,1.4057163401042603,1.4057163401042603,26,4,2021,0
2021-04-27,11.93,11.57,12.16,11.98,1159901182,1.4467971573407068,1.4467971573407068,1.4467971573407068,1.4467971573407068,27,4,2021,0
2021-04-28,12.01,11.85,12.09,11.96,671017094,1.4644912691444738,1.4644912691444738,1.4644912691444738,1.4644912691444738,28,4,2021,0
2021-04-29,11.98,11.89,12.07,11.96,373995890,1.462759462759463,1.462759462759463,1.462759462759463,1.462759462759463,29,4,2021,0
2021-04-30,12.23,11.95,12.33,12.19,945732100,1.4831613286603038,1.4831613286603038,1.4831613286603038,1.4831613286603038,30,4,2021,0
2021-05-03,12.92,12.3,12.95,12.68,1256572058,1.5553335179188383,1.5553335179188383,1.5553335179188383,1.5553335179188383,3,5,2021,0
2021-05-04,12.62,12.62,13.09,12.76,1317476888,1.5160798164366118,1.5160798164366118,1.5160798164366118,1.5160798164366118,4,5,2021,0
2021-05-05,12.6,12.45,12.71,12.59,740161095,1.5080789946140034,1.5080789946140034,1.5080789946140034,1.5080789946140034,5,5,2021,0
2021-05-06,12.93,12.6,12.97,12.85,1164874516,1.5538810974510582,1.5538810974510582,1.5538810974510582,1.5538810974510582,6,5,2021,0
2021-05-07,12.99,12.81,13.05,12.93,651725439,1.5673451658441824,1.5673451658441824,1.5673451658441824,1.5673451658441824,7,5,2021,0
2021-05-10,13.37,13.14,13.39,13.26,1222702786,1.618546092851522,1.618546092851522,1.618546092851522,1.618546092851522,10,5,2021,0
2021-05-11,13.35,13.15,13.49,13.36,1016120480,1.6081237351835789,1.6081237351835789,1.6081237351835789,1.6081237351835789,11,5,2021,0
2021-05-12,13.39,13.07,13.43,13.26,730730948,1.612942083453792,1.612942083453792,1.612942083453792,1.612942083453792,12,5,2021,0
2021-05-17,13.36,13.35,13.56,13.45,744055888,1.597723005537019,1.597723005537019,1.597723005537019,1.597723005537019,17,5,2021,0
2021-05-18,13.35,13.14,13.44,13.28,1029555073,1.6001246539056226,1.6001246539056226,1.6001246539056226,1.6001246539056226,18,5,2021,0
2021-05-20,13.58,13.25,13.71,13.55,1531538784,1.6197519083969465,1.6197519083969465,1.6197519083969465,1.6197519083969465,20,5,2021,0
2021-05-21,13.49,13.46,13.7,13.58,716478987,1.6116122095454275,1.6116122095454275,1.6116122095454275,1.6116122095454275,21,5,2021,0
2021-05-24,13.47,13.46,13.62,13.53,551220767,1.6042971820585503,1.6042971820585503,1.6042971820585503,1.6042971820585503,24,5,2021,0
2021-05-25,12.9,12.9,13.55,13.25,952744378,1.5339247068895812,1.5339247068895812,1.5339247068895812,1.5339247068895812,25,5,2021,0
2021-05-26,13.05,12.72,13.17,12.98,1132503875,1.5447077483961082,1.5447077483961082,1.5447077483961082,1.5447077483961082,26,5,2021,0
2021-05-27,13.05,13.02,13.48,13.22,2250923769,1.5448357502219592,1.5448357502219592,1.5448357502219592,1.5448357502219592,27,5,2021,0
2021-05-28,12.98,12.78,13.13,12.93,1113234119,1.5154522422388532,1.5154522422388532,1.5154522422388532,1.5154522422388532,28,5,2021,0
2021-05-31,13.32,13.06,13.38,13.28,1588355510,1.5644269053239843,1.5644269053239843,1.5644269053239843,1.5644269053239843,31,5,2021,0
2021-06-01,13.49,13.1,13.53,13.3,1279989953,1.5836121382872572,1.5836121382872572,1.5836121382872572,1.5836121382872572,1,6,2021,1
2021-06-02,13.65,13.36,13.77,13.63,1526217664,1.5831409981327056,1.5831409981327056,1.5831409981327056,1.5831409981327056,2,6,2021,1
2021-06-03,13.99,13.61,14.09,13.92,2558288412,1.6194566312060843,1.6194566312060843,1.6194566312060843,1.6194566312060843,3,6,2021,1
2021-06-04,14.04,13.86,14.09,13.99,1570382068,1.6142384105960266,1.6142384105960266,1.6142384105960266,1.6142384105960266,4,6,2021,1
2021-06-07,14.28,14.15,14.37,14.27,1352281873,1.6536198990226503,1.6536198990226503,1.6536198990226503,1.6536198990226503,7,6,2021,1
2021-06-08,14.48,14.18,14.5,14.33,1212467790,1.6828208167724241,1.6828208167724241,1.6828208167724241,1.6828208167724241,8,6,2021,1
2021-06-09,14.56,14.37,14.68,14.55,1774391312,1.694915254237288,1.694915254237288,1.694915254237288,1.694915254237288,9,6,2021,1
2021-06-10,14.43,14.39,14.65,14.5,1244631427,1.688370950191302,1.688370950191302,1.688370950191302,1.688370950191302,10,6,2021,1
2021-06-11,14.59,14.41,14.65,14.57,1574580854,1.7431927070265363,1.7431927070265363,1.7431927070265363,1.7431927070265363,11,6,2021,1
2021-06-14,14.62,14.54,14.84,14.7,1664997985,1.7503950960203056,1.7503950960203056,1.7503950960203056,1.7503950960203056,14,6,2021,1
2021-06-15,14.49,14.39,14.74,14.57,1199811704,1.6922034848414071,1.6922034848414071,1.6922034848414071,1.6922034848414071,15,6,2021,1
2021-06-16,14.32,14.31,14.68,14.53,1449176275,1.6773845919574562,1.6773845919574562,1.6773845919574562,1.6773845919574562,16,6,2021,1
2021-06-17,14.66,14.28,14.78,14.61,1976664293,1.6967985370031715,1.6967985370031715,1.6967985370031715,1.6967985370031715,17,6,2021,1
2021-06-18,14.54,14.38,14.77,14.55,1506600055,1.6750766111379922,1.6750766111379922,1.6750766111379922,1.6750766111379922,18,6,2021,1
2021-06-21,14.59,14.43,14.65,14.55,1473232211,1.6644800638868291,1.6644800638868291,1.6644800638868291,1.6644800638868291,21,6,2021,1
2021-06-22,14.76,14.64,14.92,14.81,1667281419,1.6895797799883239,1.6895797799883239,1.6895797799883239,1.6895797799883239,22,6,2021,1
2021-06-23,14.56,14.5,14.85,14.64,1268041966,1.687255197348599,1.687255197348599,1.687255197348599,1.687255197348599,23,6,2021,1
2021-06-24,14.61,14.5,14.65,14.58,1005894861,1.6841692699627662,1.6841692699627662,1.6841692699627662,1.6841692699627662,24,6,2021,1
2021-06-25,14.28,14.28,14.63,14.43,775601298,1.642738818332413,1.642738818332413,1.642738818332413,1.642738818332413,25,6,2021,1
2021-06-28,13.86,13.79,14.39,14.07,995167257,1.5862479399377403,1.5862479399377403,1.5862479399377403,1.5862479399377403,28,6,2021,1
2021-06-29,13.39,13.28,13.8,13.51,1189927913,1.5354095954499587,1.5354095954499587,1.5354095954499587,1.5354095954499587,29,6,2021,1
2021-06-30,13.37,13.31,13.56,13.43,973020643,1.5375061810738393,1.5375061810738393,1.5375061810738393,1.5375061810738393,30,6,2021,1
2021-07-01,13.75,13.37,13.75,13.53,1294906025,1.581841608761677,1.581841608761677,1.581841608761677,1.581841608761677,1,7,2021,0
2021-07-02,13.74,13.63,13.85,13.75,1405798957,1.5801458242289028,1.5801458242289028,1.5801458242289028,1.5801458242289028,2,7,2021,0
2021-07-05,14.12,13.73,14.14,14.0,1207930659,1.6266156717277607,1.6266156717277607,1.6266156717277607,1.6266156717277607,5,7,2021,0
2021-07-06,13.88,13.87,14.19,14.05,826856109,1.6014583886190308,1.6014583886190308,1.6014583886190308,1.6014583886190308,6,7,2021,0
2021-07-07,13.85,13.75,13.98,13.89,808574493,1.5953831799384883,1.5953831799384883,1.5953831799384883,1.5953831799384883,7,7,2021,0
2021-07-08,13.66,13.61,13.87,13.73,765470044,1.569681926824784,1.569681926824784,1.569681926824784,1.569681926824784,8,7,2021,0
2021-07-09,13.57,13.52,13.73,13.64,757467396,1.5620683304171654,1.5620683304171654,1.5620683304171654,1.5620683304171654,9,7,2021,0
2021-07-12,13.24,13.24,13.64,13.47,916501421,1.5310783463428734,1.5310783463428734,1.5310783463428734,1.5310783463428734,12,7,2021,0
2021-07-13,13.1,13.03,13.31,13.17,601111296,1.5199331693507216,1.5199331693507216,1.5199331693507216,1.5199331693507216,13,7,2021,0
2021-07-14,13.08,13.08,13.27,13.16,611515032,1.5160295788034028,1.5160295788034028,1.5160295788034028,1.5160295788034028,14,7,2021,0
2021-07-16,13.08,13.01,13.21,13.13,585692068,1.53427485572186,1.53427485572186,1.53427485572186,1.53427485572186,16,7,2021,0
2021-07-19,12.73,12.73,12.98,12.82,226609756,1.4932201004082017,1.4932201004082017,1.4932201004082017,1.4932201004082017,19,7,2021,0
2021-07-26,12.31,12.3,12.78,12.45,637980975,1.433311986959306,1.433311986959306,1.433311986959306,1.433311986959306,26,7,2021,0
2021-07-27,12.55,12.24,12.6,12.44,1125514451,1.4634203223022928,1.4634203223022928,1.4634203223022928,1.4634203223022928,27,7,2021,0
2021-07-28,12.56,12.45,12.66,12.55,674622105,1.4672897196261683,1.4672897196261683,1.4672897196261683,1.4672897196261683,28,7,2021,0
2021-07-29,12.78,12.63,12.91,12.78,633006622,1.50126867775585,1.50126867775585,1.50126867775585,1.50126867775585,29,7,2021,0
2021-07-30,12.73,12.65,12.84,12.75,485140927,1.5102621900581326,1.5102621900581326,1.5102621900581326,1.5102621900581326,30,7,2021,0
2021-08-02,12.87,12.7,12.99,12.86,586452991,1.5321246175640766,1.5321246175640766,1.5321246175640766,1.5321246175640766,2,8,2021,0
2021-08-03,12.63,12.62,12.94,12.75,678694619,1.5147699060914621,1.5147699060914621,1.5147699060914621,1.5147699060914621,3,8,2021,0
2021-08-04,12.63,12.61,12.78,12.71,790814562,1.4974390590913402,1.4974390590913402,1.4974390590913402,1.4974390590913402,4,8,2021,0
2021-08-05,12.76,12.5,12.8,12.69,652575263,1.4938653179732133,1.4938653179732133,1.4938653179732133,1.4938653179732133,5,8,2021,0
2021-08-06,12.83,12.73,12.96,12.84,835797024,1.4958087043708395,1.4958087043708395,1.4958087043708395,1.4958087043708395,6,8,2021,0
2021-08-09,12.79,12.78,12.95,12.87,715488064,1.477212353606985,1.477212353606985,1.477212353606985,1.477212353606985,9,8,2021,0
2021-08-10,12.63,12.61,12.87,12.72,665330634,1.4624656963212561,1.4624656963212561,1.4624656963212561,1.4624656963212561,10,8,2021,0
2021-08-11,12.21,12.16,12.64,12.44,931249328,1.413210801050938,1.413210801050938,1.413210801050938,1.413210801050938,11,8,2021,0
2021-08-12,12.43,12.26,12.47,12.39,632911691,1.4474189829640067,1.4474189829640067,1.4474189829640067,1.4474189829640067,12,8,2021,0
2021-08-13,12.42,12.36,12.47,12.42,544852925,1.452427729441482,1.452427729441482,1.452427729441482,1.452427729441482,13,8,2021,0
2021-08-16,12.61,12.5,12.69,12.62,886879674,1.4864498485259274,1.4864498485259274,1.4864498485259274,1.4864498485259274,16,8,2021,0
2021-08-17,12.44,12.4,12.57,12.45,545907927,1.475804633836736,1.475804633836736,1.475804633836736,1.475804633836736,17,8,2021,0
2021-08-18,12.2,12.2,12.54,12.35,783823850,1.4389507454236647,1.4389507454236647,1.4389507454236647,1.4389507454236647,18,8,2021,0
2021-08-19,12.19,12.1,12.31,12.22,621903544,1.4296772377556763,1.4296772377556763,1.4296772377556763,1.4296772377556763,19,8,2021,0
2021-08-20,12.26,12.14,12.27,12.21,477100247,1.435479527439203,1.435479527439203,1.435479527439203,1.435479527439203,20,8,2021,0
2021-08-23,12.49,12.39,12.53,12.47,867320780,1.474198574193853,1.474198574193853,1.474198574193853,1.474198574193853,23,8,2021,0
2021-08-24,12.81,12.53,12.85,12.72,1466716298,1.5198794537451206,1.5198794537451206,1.5198794537451206,1.5198794537451206,24,8,2021,0
2021-08-25,12.5,12.47,12.95,12.76,1703473053,1.4890170105303282,1.4890170105303282,1.4890170105303282,1.4890170105303282,25,8,2021,0
2021-08-26,12.79,12.61,12.9,12.78,1662052643,1.5275472058665456,1.5275472058665456,1.5275472058665456,1.5275472058665456,26,8,2021,0
2021-08-27,12.68,12.53,12.75,12.6,811879004,1.511268965352848,1.511268965352848,1.511268965352848,1.511268965352848,27,8,2021,0
2021-08-31,12.68,12.64,12.78,12.69,680732539,1.5241850177901721,1.5241850177901721,1.5241850177901721,1.5241850177901721,31,8,2021,0
2021-09-01,12.9,12.73,12.98,12.92,1149612265,1.5537488708220415,1.5537488708220415,1.5537488708220415,1.5537488708220415,1,9,2021,1
2021-09-02,12.9,12.8,12.93,12.86,1401718366,1.5583097774878598,1.5583097774878598,1.5583097774878598,1.5583097774878598,2,9,2021,1
2021-09-03,12.88,12.82,13.09,12.94,1192836561,1.5499584832549127,1.5499584832549127,1.5499584832549127,1.5499584832549127,3,9,2021,1
2021-09-06,12.95,12.85,12.99,12.93,693197722,1.5618216025857492,1.5618216025857492,1.5618216025857492,1.5618216025857492,6,9,2021,1
2021-09-07,12.65,12.65,13.09,12.91,1332499298,1.5217129796703956,1.5217129796703956,1.5217129796703956,1.5217129796703956,7,9,2021,1
2021-09-08,12.42,12.36,12.69,12.59,871238915,1.4748141639157384,1.4748141639157384,1.4748141639157384,1.4748141639157384,8,9,2021,1
2021-09-09,12.63,12.37,12.63,12.48,794244407,1.489246297519102,1.489246297519102,1.489246297519102,1.489246297519102,9,9,2021,1
2021-09-10,12.41,12.4,12.71,12.56,619304957,1.473959261238791,1.473959261238791,1.473959261238791,1.473959261238791,10,9,2021,1
2021-09-13,12.43,12.36,12.5,12.44,483611654,1.4693887201068645,1.4693887201068645,1.4693887201068645,1.4693887201068645,13,9,2021,1
2021-09-14,12.44,12.4,12.54,12.48,815729110,1.472781947765965,1.472781947765965,1.472781947765965,1.472781947765965,14,9,2021,1
2021-09-15,12.26,12.17,12.42,12.31,615846636,1.4521936889983893,1.4521936889983893,1.4521936889983893,1.4521936889983893,15,9,2021,1
2021-09-16,12.47,12.27,12.47,12.36,884572601,1.4747971710386265,1.4747971710386265,1.4747971710386265,1.4747971710386265,16,9,2021,1
2021-09-17,12.72,12.51,12.8,12.68,1606520709,1.4819647683847517,1.4819647683847517,1.4819647683847517,1.4819647683847517,17,9,2021,1
2021-09-20,12.81,12.55,12.91,12.74,1507050650,1.4757384452329385,1.4757384452329385,1.4757384452329385,1.4757384452329385,20,9,2021,1
2021-09-21,13.05,12.81,13.1,13.0,1745820089,1.5094383270102711,1.5094383270102711,1.5094383270102711,1.5094383270102711,21,9,2021,1
2021-09-22,13.19,12.98,13.19,13.09,1227154699,1.52476735448818,1.52476735448818,1.52476735448818,1.52476735448818,22,9,2021,1
2021-09-23,13.33,13.09,13.37,13.23,1228376538,1.5367765736684345,1.5367765736684345,1.5367765736684345,1.5367765736684345,23,9,2021,1
2021-09-24,13.62,13.27,13.63,13.47,966432086,1.5407414111019355,1.5407414111019355,1.5407414111019355,1.5407414111019355,24,9,2021,1
2021-09-27,13.53,13.44,13.77,13.62,1216876865,1.5285717513613666,1.5285717513613666,1.5285717513613666,1.5285717513613666,27,9,2021,1
2021-09-28,13.78,13.52,13.89,13.74,1511430062,1.5527635359738576,1.5527635359738576,1.5527635359738576,1.5527635359738576,28,9,2021,1
2021-09-29,13.78,13.65,13.87,13.78,1186280320,1.5554451869243273,1.5554451869243273,1.5554451869243273,1.5554451869243273,29,9,2021,1
2021-09-30,13.95,13.78,14.09,13.99,1069264932,1.568384956995896,1.568384956995896,1.568384956995896,1.568384956995896,30,9,2021,1
2021-10-01,14.05,13.84,14.12,14.0,1365239344,1.5852777903145734,1.5852777903145734,1.5852777903145734,1.5852777903145734,1,10,2021,0
2021-10-04,13.87,13.87,14.18,14.03,1049623657,1.5640152454838636,1.5640152454838636,1.5640152454838636,1.5640152454838636,4,10,2021,0
2021-10-05,14.04,13.8,14.09,14.01,1179952292,1.5845964583591976,1.5845964583591976,1.5845964583591976,1.5845964583591976,5,10,2021,0
2021-10-06,13.71,13.61,14.06,13.85,933402493,1.5365476430636813,1.5365476430636813,1.5365476430636813,1.5365476430636813,6,10,2021,0
2021-10-07,14.12,13.8,14.12,14.0,947381641,1.5906453829602678,1.5906453829602678,1.5906453829602678,1.5906453829602678,7,10,2021,0
2021-10-08,14.09,14.08,14.28,14.19,922184227,1.580624172668327,1.580624172668327,1.580624172668327,1.580624172668327,8,10,2021,0
2021-10-11,14.2,14.09,14.31,14.23,538662278,1.5860959699758734,1.5860959699758734,1.5860959699758734,1.5860959699758734,11,10,2021,0
2021-10-12,14.0,13.92,14.27,14.05,1194235462,1.5528294771401316,1.5528294771401316,1.5528294771401316,1.5528294771401316,12,10,2021,0
2021-10-13,14.26,14.18,14.45,14.33,1467916583,1.577712869534431,1.577712869534431,1.577712869534431,1.577712869534431,13,10,2021,0
2021-10-14,14.3,14.18,14.44,14.35,883492588,1.561476304870059,1.561476304870059,1.561476304870059,1.561476304870059,14,10,2021,0
2021-10-15,14.64,14.23,14.65,14.44,1330504680,1.5885589036339371,1.5885589036339371,1.5885589036339371,1.5885589036339371,15,10,2021,0
2021-10-18,14.57,14.31,14.68,14.45,1037190142,1.569468082814486,1.569468082814486,1.569468082814486,1.569468082814486,18,10,2021,0
2021-10-19,14.32,14.31,14.61,14.4,1151450047,1.539586289941083,1.539586289941083,1.539586289941083,1.539586289941083,19,10,2021,0
2021-10-20,13.8,13.78,14.56,14.13,2535361709,1.4789887146730685,1.4789887146730685,1.4789887146730685,1.4789887146730685,20,10,2021,0
2021-10-21,13.97,13.65,14.0,13.89,1456738397,1.5017629858961128,1.5017629858961128,1.5017629858961128,1.5017629858961128,21,10,2021,0
2021-10-22,14.14,13.97,14.17,14.08,1150611119,1.4724105255485094,1.4724105255485094,1.4724105255485094,1.4724105255485094,22,10,2021,0
2021-10-25,14.28,13.99,14.29,14.18,1064841017,1.4640597926940544,1.4640597926940544,1.4640597926940544,1.4640597926940544,25,10,2021,0
2021-10-26,14.7,14.32,14.75,14.55,1382906362,1.5515330624307349,1.5515330624307349,1.5515330624307349,1.5515330624307349,26,10,2021,0
2021-10-27,14.85,14.61,14.91,14.77,1483519515,1.5634212077823633,1.5634212077823633,1.5634212077823633,1.5634212077823633,27,10,2021,0
2021-10-28,14.97,14.74,14.98,14.86,385341005,1.5760549145119178,1.5760549145119178,1.5760549145119178,1.5760549145119178,28,10,2021,0
2021-11-01,15.28,14.98,15.4,15.26,1185093766,1.6007039745228266,1.6007039745228266,1.6007039745228266,1.6007039745228266,1,11,2021,0
2021-11-02,15.49,15.17,15.49,15.37,1332376055,1.624677476872732,1.624677476872732,1.624677476872732,1.624677476872732,2,11,2021,0
2021-11-03,15.58,14.92,15.6,15.45,2252540934,1.6104357892995949,1.6104357892995949,1.6104357892995949,1.6104357892995949,3,11,2021,0
2021-11-04,16.97,16.0,16.99,16.62,3407742878,1.7484210634768542,1.7484210634768542,1.7484210634768542,1.7484210634768542,4,11,2021,0
2021-11-05,17.65,16.81,17.9,17.32,3815166063,1.816310779521482,1.816310779521482,1.816310779521482,1.816310779521482,5,11,2021,0
2021-11-08,18.05,17.56,18.2,17.91,3101078500,1.8604027952423163,1.8604027952423163,1.8604027952423163,1.8604027952423163,8,11,2021,0
2021-11-09,18.16,17.88,18.37,18.18,2975100765,1.8682358750668697,1.8682358750668697,1.8682358750668697,1.8682358750668697,9,11,2021,0
2021-11-10,18.13,18.02,18.3,18.17,1850889642,1.850226558354084,1.850226558354084,1.850226558354084,1.850226558354084,10,11,2021,0
2021-11-11,17.72,17.71,18.3,18.0,1956486821,1.7836113096256627,1.7836113096256627,1.7836113096256627,1.7836113096256627,11,11,2021,0
2021-11-12,17.82,17.63,18.04,17.83,1472293108,1.7948692122518457,1.7948692122518457,1.7948692122518457,1.7948692122518457,12,11,2021,0
2021-11-15,17.61,17.47,18.3,17.86,3615134881,1.7612818050888142,1.7612818050888142,1.7612818050888142,1.7612818050888142,15,11,2021,0
2021-11-16,17.66,17.52,17.8,17.7,1821650403,1.7338543405266362,1.7338543405266362,1.7338543405266362,1.7338543405266362,16,11,2021,0
2021-11-17,17.99,17.66,18.04,17.86,1350869349,1.7268189671722018,1.7268189671722018,1.7268189671722018,1.7268189671722018,17,11,2021,0
2021-11-18,18.0,17.62,18.27,18.04,1878827103,1.6798096215762213,1.6798096215762213,1.6798096215762213,1.6798096215762213,18,11,2021,0
2021-11-19,17.09,17.06,18.2,17.47,2840040482,1.547096365364595,1.547096365364595,1.547096365364595,1.547096365364595,19,11,2021,0
2021-11-22,17.63,17.14,17.66,17.43,2592674813,1.5753308373468675,1.5753308373468675,1.5753308373468675,1.5753308373468675,22,11,2021,0
2021-11-23,18.72,17.38,18.79,18.12,2758279276,1.537261342640115,1.537261342640115,1.537261342640115,1.537261342640115,23,11,2021,0
2021-11-24,18.97,18.77,19.46,19.17,3353964475,1.501872392307753,1.501872392307753,1.501872392307753,1.501872392307753,24,11,2021,0
2021-11-25,18.78,18.7,19.09,18.88,1342761112,1.5621750667542862,1.5621750667542862,1.5621750667542862,1.5621750667542862,25,11,2021,0
2021-11-26,16.99,16.91,18.0,17.32,3476080536,1.4040858153449471,1.4040858153449471,1.4040858153449471,1.4040858153449471,26,11,2021,0
2021-11-29,17.32,16.43,17.46,17.12,3097347195,1.3656828808654582,1.3656828808654582,1.3656828808654582,1.3656828808654582,29,11,2021,0
2021-11-30,17.22,16.85,17.44,17.15,1918930954,1.3284986884740009,1.3284986884740009,1.3284986884740009,1.3284986884740009,30,11,2021,0
2021-12-01,18.41,17.41,18.81,18.36,3504335292,1.3779630696915488,1.3779630696915488,1.3779630696915488,1.3779630696915488,1,12,2021,1
2021-12-02,18.25,18.04,18.66,18.35,2227973063,1.3588069302876205,1.3588069302876205,1.3588069302876205,1.3588069302876205,2,12,2021,1
2021-12-03,18.53,18.5,19.35,18.91,3499518588,1.3520810227073727,1.3520810227073727,1.3520810227073727,1.3520810227073727,3,12,2021,1
2021-12-06,18.69,18.38,18.8,18.62,1793632189,1.354465605704844,1.354465605704844,1.354465605704844,1.354465605704844,6,12,2021,1
2021-12-07,19.2,19.13,19.47,19.29,1985070149,1.402350397697808,1.402350397697808,1.402350397697808,1.402350397697808,7,12,2021,1
2021-12-08,20.38,19.3,20.62,20.03,5042658955,1.4931934410855325,1.4931934410855325,1.4931934410855325,1.4931934410855325,8,12,2021,1
2021-12-09,22.0,20.42,22.4,21.37,4984753725,1.5979197989526364,1.5979197989526364,1.5979197989526364,1.5979197989526364,9,12,2021,1
2021-12-10,22.24,21.9,23.12,22.5,5341040991,1.6046639152645097,1.6046639152645097,1.6046639152645097,1.6046639152645097,10,12,2021,1
2021-12-13,22.64,21.88,22.98,22.64,3172106159,1.586311755102613,1.586311755102613,1.586311755102613,1.586311755102613,13,12,2021,1
2021-12-14,22.58,22.36,23.12,22.74,2589281991,1.5901408450704224,1.5901408450704224,1.5901408450704224,1.5901408450704224,14,12,2021,1
2021-12-15,23.48,22.64,24.36,23.66,4995695405,1.6014950925224911,1.6014950925224911,1.6014950925224911,1.6014950925224911,15,12,2021,1
2021-12-16,25.12,23.32,25.12,24.09,3657675618,1.6483804924143,1.6483804924143,1.6483804924143,1.6483804924143,16,12,2021,1
2021-12-17,22.62,22.62,26.66,25.4,4907892809,1.3822012563243955,1.3822012563243955,1.3822012563243955,1.3822012563243955,17,12,2021,1
2021-12-20,22.14,20.36,23.48,22.25,2407388045,1.2648103926967769,1.2648103926967769,1.2648103926967769,1.2648103926967769,20,12,2021,1
2021-12-21,19.93,19.93,23.48,20.95,1716005753,1.5276596070856425,1.5276596070856425,1.5276596070856425,1.5276596070856425,21,12,2021,1
2021-12-22,18.88,18.5,20.56,19.62,2428850322,1.513305546649567,1.513305546649567,1.513305546649567,1.513305546649567,22,12,2021,1
2021-12-23,19.21,18.05,19.62,19.05,1868242234,1.6745994386038323,1.6745994386038323,1.6745994386038323,1.6745994386038323,23,12,2021,1
2021-12-24,21.12,19.12,21.12,20.18,1950639251,1.7976150958813164,1.7976150958813164,1.7976150958813164,1.7976150958813164,24,12,2021,1
2021-12-27,20.78,20.54,21.72,21.12,2274516221,1.8211296612768941,1.8211296612768941,1.8211296612768941,1.8211296612768941,27,12,2021,1
2021-12-28,20.48,19.88,21.14,20.68,1312551011,1.7280513015230141,1.7280513015230141,1.7280513015230141,1.7280513015230141,28,12,2021,1
2021-12-29,21.08,19.76,21.66,20.84,1649292813,1.7216736497357867,1.7216736497357867,1.7216736497357867,1.7216736497357867,29,12,2021,1
2021-12-30,20.14,20.02,21.5,20.7,1627868616,1.5491235222176927,1.5491235222176927,1.5491235222176927,1.5491235222176927,30,12,2021,1
2021-12-31,20.02,19.74,20.98,20.46,1319356538,1.4992885493896502,1.4992885493896502,1.4992885493896502,1.4992885493896502,31,12,2021,1
2022-01-03,21.84,19.83,21.88,20.88,1991851326,1.6242386381383724,1.6242386381383724,1.6242386381383724,1.6242386381383724,3,1,2022,0
2022-01-04,22.8,21.76,23.42,22.74,3176985654,1.725834531829536,1.725834531829536,1.725834531829536,1.725834531829536,4,1,2022,0
2022-01-05,23.9,22.1,24.12,23.42,2922581467,1.7845409473747087,1.7845409473747087,1.7845409473747087,1.7845409473747087,5,1,2022,0
2022-01-06,24.86,23.62,25.36,24.89,3623175160,1.8199387985182798,1.8199387985182798,1.8199387985182798,1.8199387985182798,6,1,2022,0
2022-01-07,24.94,24.02,25.58,24.8,2917344800,1.81021092513827,1.81021092513827,1.81021092513827,1.81021092513827,7,1,2022,0
2022-01-10,26.7,25.02,27.38,26.49,4402836027,1.9426376216876937,1.9426376216876937,1.9426376216876937,1.9426376216876937,10,1,2022,0
2022-01-11,26.9,26.22,27.68,27.03,4790622863,1.9554818918015149,1.9554818918015149,1.9554818918015149,1.9554818918015149,11,1,2022,0
2022-01-12,26.88,26.78,27.42,27.07,2835751396,1.9555348620649518,1.9555348620649518,1.9555348620649518,1.9555348620649518,12,1,2022,0
2022-01-13,28.78,26.78,28.94,28.2,4972350109,2.121730411960721,2.121730411960721,2.121730411960721,2.121730411960721,13,1,2022,0
2022-01-14,28.22,27.88,29.3,28.61,4205083417,2.0857662345341392,2.0857662345341392,2.0857662345341392,2.0857662345341392,14,1,2022,0
2022-01-17,28.28,28.12,28.72,28.43,2762595398,2.0943338936984843,2.0943338936984843,2.0943338936984843,2.0943338936984843,17,1,2022,0
2022-01-18,26.88,26.88,28.56,27.82,3171427704,1.9859329747621017,1.9859329747621017,1.9859329747621017,1.9859329747621017,18,1,2022,0
2022-01-19,27.4,26.14,27.62,26.93,4362449165,2.0154913311805336,2.0154913311805336,2.0154913311805336,2.0154913311805336,19,1,2022,0
2022-01-20,28.1,27.32,28.66,28.08,4728287964,2.086535534219925,2.086535534219925,2.086535534219925,2.086535534219925,20,1,2022,0
2022-01-21,27.5,26.9,28.34,27.6,3163189469,2.048249305457281,2.048249305457281,2.048249305457281,2.048249305457281,21,1,2022,0
2022-01-24,26.02,25.86,28.16,27.14,5581635057,1.9405311476876954,1.9405311476876954,1.9405311476876954,1.9405311476876954,24,1,2022,0
2022-01-25,26.12,25.28,26.62,26.05,3969977247,1.9313384056845826,1.9313384056845826,1.9313384056845826,1.9313384056845826,25,1,2022,0
2022-01-26,27.22,26.2,27.9,27.29,4168208494,2.012242001301082,2.012242001301082,2.012242001301082,2.012242001301082,26,1,2022,0
2022-01-27,28.64,26.72,28.78,28.05,5842295918,2.1031451713578653,2.1031451713578653,2.1031451713578653,2.1031451713578653,27,1,2022,0
2022-01-28,28.16,28.0,29.44,28.66,4362585024,2.065864090205486,2.065864090205486,2.065864090205486,2.065864090205486,28,1,2022,0
2022-01-31,28.72,28.24,29.06,28.71,3153301369,2.139180824835949,2.139180824835949,2.139180824835949,2.139180824835949,31,1,2022,0
2022-02-01,28.32,28.18,29.2,28.73,2236462670,2.114853259652005,2.114853259652005,2.114853259652005,2.114853259652005,1,2,2022,0
2022-02-02,27.8,27.66,28.72,28.2,2363545049,2.0664689397825007,2.0664689397825007,2.0664689397825007,2.0664689397825007,2,2,2022,0
2022-02-03,27.02,26.88,28.38,27.82,2997413972,1.9898812110143091,1.9898812110143091,1.9898812110143091,1.9898812110143091,3,2,2022,0
2022-02-04,26.66,26.6,27.32,26.95,2493768706,1.9663667207552737,1.9663667207552737,1.9663667207552737,1.9663667207552737,4,2,2022,0
2022-02-07,28.26,26.18,28.26,27.13,4044726993,2.0829494446205215,2.0829494446205215,2.0829494446205215,2.0829494446205215,7,2,2022,0
2022-02-08,28.78,27.92,29.06,28.54,4399104377,2.1098778646100613,2.1098778646100613,2.1098778646100613,2.1098778646100613,8,2,2022,0
2022-02-09,29.84,28.8,30.02,29.59,4671266620,2.1954252164892325,2.1954252164892325,2.1954252164892325,2.1954252164892325,9,2,2022,0
2022-02-10,29.8,29.38,30.02,29.79,3548566446,2.1981912869008453,2.1981912869008453,2.1981912869008453,2.1981912869008453,10,2,2022,0
2022-02-11,29.62,28.3,30.48,29.46,7945337803,2.191217375865538,2.191217375865538,2.191217375865538,2.191217375865538,11,2,2022,0
2022-02-14,28.6,28.12,29.44,28.8,6374778761,2.1088024066891804,2.1088024066891804,2.1088024066891804,2.1088024066891804,14,2,2022,0
2022-02-15,29.96,28.54,30.02,29.37,6658067607,2.1984634237618965,2.1984634237618965,2.1984634237618965,2.1984634237618965,15,2,2022,0
2022-02-16,29.6,29.52,30.22,29.91,3987313507,2.170103886392129,2.170103886392129,2.170103886392129,2.170103886392129,16,2,2022,0
2022-02-17,28.74,28.62,30.44,29.71,6902804998,2.1088934546521867,2.1088934546521867,2.1088934546521867,2.1088934546521867,17,2,2022,0
2022-02-18,29.4,28.64,29.6,29.15,3900371841,2.1560100613802864,2.1560100613802864,2.1560100613802864,2.1560100613802864,18,2,2022,0
2022-02-21,29.44,28.92,30.04,29.56,5233791359,2.1588484186288674,2.1588484186288674,2.1588484186288674,2.1588484186288674,21,2,2022,0
2022-02-22,28.88,28.28,29.18,28.77,4034544508,2.0973891571952503,2.0973891571952503,2.0973891571952503,2.0973891571952503,22,2,2022,0
2022-02-23,28.08,28.08,29.18,28.69,3113809921,2.033353367560483,2.033353367560483,2.033353367560483,2.033353367560483,23,2,2022,0
2022-02-24,25.28,25.28,25.9,25.51,1495720440,1.7730396970122038,1.7730396970122038,1.7730396970122038,1.7730396970122038,24,2,2022,0
2022-02-25,27.3,23.92,27.54,25.97,6630300009,1.9410158694044708,1.9410158694044708,1.9410158694044708,1.9410158694044708,25,2,2022,0
2022-02-28,25.62,25.44,27.14,26.32,4716272836,1.8493521492763563,1.8493521492763563,1.8493521492763563,1.8493521492763563,28,2,2022,0
2022-03-01,25.26,24.7,26.68,25.68,4723796887,1.8159075224292618,1.8159075224292618,1.8159075224292618,1.8159075224292618,1,3,2022,1
2022-03-02,25.98,25.0,26.2,25.61,4953246441,1.8472827594052859,1.8472827594052859,1.8472827594052859,1.8472827594052859,2,3,2022,1
2022-03-03,25.94,25.76,26.5,26.11,3532525765,1.8348494065386847,1.8348494065386847,1.8348494065386847,1.8348494065386847,3,3,2022,1
2022-03-04,25.3,25.16,25.88,25.48,2055720127,1.7814266904190226,1.7814266904190226,1.7814266904190226,1.7814266904190226,4,3,2022,1
2022-03-07,25.9,24.5,26.08,25.27,3879528598,1.8077755287219934,1.8077755287219934,1.8077755287219934,1.8077755287219934,7,3,2022,1
2022-03-08,25.3,25.28,26.28,25.82,4867649391,1.7449599624799121,1.7449599624799121,1.7449599624799121,1.7449599624799121,8,3,2022,1
2022-03-09,26.14,25.8,26.48,26.14,5634217754,1.7864465159509035,1.7864465159509035,1.7864465159509035,1.7864465159509035,9,3,2022,1
2022-03-10,25.74,25.68,26.8,26.23,3666111995,1.7427217332430602,1.7427217332430602,1.7427217332430602,1.7427217332430602,10,3,2022,1
2022-03-11,26.42,25.62,26.94,26.49,6757359194,1.7694610577921253,1.7694610577921253,1.7694610577921253,1.7694610577921253,11,3,2022,1
2022-03-14,26.62,26.48,26.92,26.71,2966573159,1.7999864764351885,1.7999864764351885,1.7999864764351885,1.7999864764351885,14,3,2022,1
2022-03-15,27.66,26.34,27.96,27.19,5112299328,1.8718405078196374,1.8718405078196374,1.8718405078196374,1.8718405078196374,15,3,2022,1
2022-03-16,27.7,27.58,28.26,27.85,4041989920,1.8840717715716016,1.8840717715716016,1.8840717715716016,1.8840717715716016,16,3,2022,1
2022-03-17,27.86,27.74,28.12,27.9,2575854338,1.8957410469444274,1.8957410469444274,1.8957410469444274,1.8957410469444274,17,3,2022,1
2022-03-18,27.72,27.64,28.32,27.96,2885644000,1.8741633199464525,1.8741633199464525,1.8741633199464525,1.8741633199464525,18,3,2022,1
2022-03-21,27.92,27.76,28.1,27.93,2140588997,1.8810593759895438,1.8810593759895438,1.8810593759895438,1.8810593759895438,21,3,2022,1
2022-03-22,28.52,27.88,28.64,28.35,3816851646,1.9230250559646143,1.9230250559646143,1.9230250559646143,1.9230250559646143,22,3,2022,1
2022-03-23,28.1,28.1,28.74,28.5,2406281026,1.8944245938110968,1.8944245938110968,1.8944245938110968,1.8944245938110968,23,3,2022,1
2022-03-24,28.12,27.92,28.5,28.2,2204173541,1.8935899421552718,1.8935899421552718,1.8935899421552718,1.8935899421552718,24,3,2022,1
2022-03-25,28.16,27.98,28.4,28.25,1670431046,1.8984184340744537,1.8984184340744537,1.8984184340744537,1.8984184340744537,25,3,2022,1
2022-03-28,29.06,28.46,29.24,28.95,4101042199,1.957060503205646,1.957060503205646,1.957060503205646,1.957060503205646,28,3,2022,1
2022-03-29,31.64,29.26,31.8,30.65,7152349371,2.1349671725180333,2.1349671725180333,2.1349671725180333,2.1349671725180333,29,3,2022,1
2022-03-30,32.18,31.18,32.26,31.74,5314590083,2.193263450607271,2.193263450607271,2.193263450607271,2.193263450607271,30,3,2022,1
2022-03-31,32.26,32.0,32.88,32.48,4696844433,2.2000204589627304,2.2000204589627304,2.2000204589627304,2.2000204589627304,31,3,2022,1
2022-04-01,32.78,32.36,33.22,32.84,3287507191,2.23186017852158,2.23186017852158,2.23186017852158,2.23186017852158,1,4,2022,0
2022-04-04,33.46,32.74,33.48,33.11,3288949923,2.2742256689798612,2.2742256689798612,2.2742256689798612,2.2742256689798612,4,4,2022,0
2022-04-05,34.5,33.6,35.26,34.51,6152700898,2.343431598967532,2.343431598967532,2.343431598967532,2.343431598967532,5,4,2022,0
2022-04-06,34.62,34.26,35.08,34.77,4625888447,2.3480578672146826,2.3480578672146826,2.3480578672146826,2.3480578672146826,6,4,2022,0
2022-04-07,35.62,34.38,35.64,35.04,4027714684,2.4140151130087086,2.4140151130087086,2.4140151130087086,2.4140151130087086,7,4,2022,0
2022-04-08,35.32,34.96,35.84,35.45,3422233894,2.3949334816040357,2.3949334816040357,2.3949334816040357,2.3949334816040357,8,4,2022,0
2022-04-11,36.16,35.14,36.96,36.22,6016803156,2.4527393218338567,2.4527393218338567,2.4527393218338567,2.4527393218338567,11,4,2022,0
2022-04-12,37.24,36.12,37.5,36.91,5849963772,2.53510963464196,2.53510963464196,2.53510963464196,2.53510963464196,12,4,2022,0
2022-04-13,36.98,36.28,37.54,37.13,4235915944,2.535203542977801,2.535203542977801,2.535203542977801,2.535203542977801,13,4,2022,0
2022-04-14,37.36,36.82,38.14,37.43,5018563505,2.555473473966456,2.555473473966456,2.555473473966456,2.555473473966456,14,4,2022,0
2022-04-15,37.74,37.24,37.96,37.56,2409835557,2.5770943159159816,2.5770943159159816,2.5770943159159816,2.5770943159159816,15,4,2022,0
2022-04-18,37.64,37.5,38.06,37.78,2411567075,2.569020236835819,2.569020236835819,2.569020236835819,2.569020236835819,18,4,2022,0
2022-04-19,38.76,37.48,38.76,38.06,4804028160,2.643802819783503,2.643802819783503,2.643802819783503,2.643802819783503,19,4,2022,0
2022-04-20,38.86,38.56,39.58,39.02,4112014497,2.649160122164049,2.649160122164049,2.649160122164049,2.649160122164049,20,4,2022,0
2022-04-21,40.18,38.62,40.24,39.58,4931502471,2.735771333637459,2.735771333637459,2.735771333637459,2.735771333637459,21,4,2022,0
2022-04-22,39.74,39.28,41.44,40.52,7665854133,2.6972911703420146,2.6972911703420146,2.6972911703420146,2.6972911703420146,22,4,2022,0
2022-04-25,39.6,38.86,40.06,39.43,4936299912,2.6810195998781357,2.6810195998781357,2.6810195998781357,2.6810195998781357,25,4,2022,0
2022-04-26,39.1,38.64,41.24,40.17,7191927583,2.643034825870647,2.643034825870647,2.643034825870647,2.643034825870647,26,4,2022,0
2022-04-27,40.5,38.44,40.52,39.39,5851024660,2.732258869721849,2.732258869721849,2.732258869721849,2.732258869721849,27,4,2022,0
2022-04-28,40.5,40.38,41.78,41.15,6714440475,2.7353036524746055,2.7353036524746055,2.7353036524746055,2.7353036524746055,28,4,2022,0
2022-04-29,41.26,40.3,41.62,41.0,5466724836,2.7856168730336623,2.7856168730336623,2.7856168730336623,2.7856168730336623,29,4,2022,0
2022-05-05,42.68,41.82,42.82,42.38,3308438993,2.872526585004711,2.872526585004711,2.872526585004711,2.872526585004711,5,5,2022,0
2022-05-06,42.38,41.86,42.78,42.37,3510880969,2.8395880654217507,2.8395880654217507,2.8395880654217507,2.8395880654217507,6,5,2022,0
2022-05-09,42.3,42.24,43.2,42.66,3563784455,2.819812012532498,2.819812012532498,2.819812012532498,2.819812012532498,9,5,2022,0
2022-05-10,42.2,42.14,42.88,42.53,2803194200,2.772685760090408,2.772685760090408,2.772685760090408,2.772685760090408,10,5,2022,0
2022-05-11,42.2,41.58,42.82,42.21,3607123961,2.75534255698401,2.75534255698401,2.75534255698401,2.75534255698401,11,5,2022,0
2022-05-12,41.86,40.48,42.1,41.43,11103497796,2.721681122482152,2.721681122482152,2.721681122482152,2.721681122482152,12,5,2022,0
2022-05-13,42.48,41.86,42.82,42.35,3862950371,2.7467411545623834,2.7467411545623834,2.7467411545623834,2.7467411545623834,13,5,2022,0
2022-05-16,42.72,42.3,43.3,42.84,4912218718,2.739884170627056,2.739884170627056,2.739884170627056,2.739884170627056,16,5,2022,0
2022-05-17,42.08,41.96,43.08,42.64,4050491490,2.660411832763275,2.660411832763275,2.660411832763275,2.660411832763275,17,5,2022,0
2022-05-18,42.4,41.48,42.6,42.18,4915746550,2.6584405487422567,2.6584405487422567,2.6584405487422567,2.6584405487422567,18,5,2022,0
2022-05-20,42.86,42.26,43.04,42.7,2797038138,2.6865409688095476,2.6865409688095476,2.6865409688095476,2.6865409688095476,20,5,2022,0
2022-05-23,42.96,42.6,43.2,42.92,3592256815,2.7056304320443383,2.7056304320443383,2.7056304320443383,2.7056304320443383,23,5,2022,0
2022-05-24,42.16,42.1,43.2,42.77,3140586688,2.6164396313650045,2.6164396313650045,2.6164396313650045,2.6164396313650045,24,5,2022,0
2022-05-25,42.66,41.68,42.68,42.19,3418259914,2.6177721323245153,2.6177721323245153,2.6177721323245153,2.6177721323245153,25,5,2022,0
2022-05-26,44.46,42.58,44.56,43.53,6082092082,2.7113889312395183,2.7113889312395183,2.7113889312395183,2.7113889312395183,26,5,2022,0
2022-05-27,45.02,44.24,45.36,44.79,4903370809,2.748926868287202,2.748926868287202,2.748926868287202,2.748926868287202,27,5,2022,0
2022-05-30,49.52,45.72,49.52,48.35,5910038904,3.022147360198222,3.022147360198222,3.022147360198222,3.022147360198222,30,5,2022,0
2022-05-31,49.9,48.78,51.0,49.58,9320331244,3.03951367781155,3.03951367781155,3.03951367781155,3.03951367781155,31,5,2022,0
2022-06-01,49.26,49.26,51.1,49.91,4048819484,2.9959312261666553,2.9959312261666553,2.9959312261666553,2.9959312261666553,1,6,2022,1
2022-06-02,49.6,49.14,50.35,49.8,4163642069,3.011792137765202,3.011792137765202,3.011792137765202,3.011792137765202,2,6,2022,1
2022-06-03,47.98,47.92,49.88,48.88,4071062376,2.9067865408149665,2.9067865408149665,2.9067865408149665,2.9067865408149665,3,6,2022,1
2022-06-06,47.86,47.42,48.8,48.12,5066621395,2.885096481339707,2.885096481339707,2.885096481339707,2.885096481339707,6,6,2022,1
2022-06-07,48.46,47.54,49.2,48.37,6685660060,2.895122024076232,2.895122024076232,2.895122024076232,2.895122024076232,7,6,2022,1
2022-06-08,46.72,46.28,50.35,48.88,6823571957,2.7284619697252848,2.7284619697252848,2.7284619697252848,2.7284619697252848,8,6,2022,1
2022-06-09,48.34,45.52,48.4,46.89,8793081762,2.8056530949824428,2.8056530949824428,2.8056530949824428,2.8056530949824428,9,6,2022,1
2022-06-10,46.7,46.7,48.66,47.76,6083152261,2.732656118340979,2.732656118340979,2.732656118340979,2.732656118340979,10,6,2022,1
2022-06-13,47.0,46.22,47.7,47.09,5756766917,2.72220742062159,2.72220742062159,2.72220742062159,2.72220742062159,13,6,2022,1
2022-06-14,46.86,46.6,47.8,47.15,4598744608,2.714114437629233,2.714114437629233,2.714114437629233,2.714114437629233,14,6,2022,1
2022-06-15,48.44,46.66,48.96,47.69,5876338878,2.801959752196623,2.801959752196623,2.801959752196623,2.801959752196623,15,6,2022,1
2022-06-16,47.34,46.9,48.76,47.82,5241743643,2.733398386752199,2.733398386752199,2.733398386752199,2.733398386752199,16,6,2022,1
2022-06-17,48.18,47.16,48.18,47.76,4502236794,2.7814982449658228,2.7814982449658228,2.7814982449658228,2.7814982449658228,17,6,2022,1
2022-06-20,50.85,48.72,51.0,49.72,7426793138,2.9321032146461006,2.9321032146461006,2.9321032146461006,2.9321032146461006,20,6,2022,1
2022-06-21,51.9,50.25,52.35,51.64,4556745547,2.9916993313350244,2.9916993313350244,2.9916993313350244,2.9916993313350244,21,6,2022,1
2022-06-22,52.05,51.25,52.9,52.18,5269224113,2.998047381244492,2.998047381244492,2.998047381244492,2.998047381244492,22,6,2022,1
2022-06-23,50.55,50.55,52.35,51.58,3339500493,2.9088167934538673,2.9088167934538673,2.9088167934538673,2.9088167934538673,23,6,2022,1
2022-06-24,50.25,48.96,51.45,50.13,5966389566,2.8914040427870256,2.8914040427870256,2.8914040427870256,2.8914040427870256,24,6,2022,1
2022-06-27,49.56,49.08,50.5,49.92,5177294097,2.971935715999041,2.971935715999041,2.971935715999041,2.971935715999041,27,6,2022,1
2022-06-28,48.04,48.04,49.98,49.22,6058034056,2.8854932487626734,2.8854932487626734,2.8854932487626734,2.8854932487626734,28,6,2022,1
2022-06-29,46.18,46.18,48.46,47.49,5042324240,2.7654184956075474,2.7654184956075474,2.7654184956075474,2.7654184956075474,29,6,2022,1
2022-06-30,46.8,45.56,47.24,46.41,5259907942,2.803839102771487,2.803839102771487,2.803839102771487,2.803839102771487,30,6,2022,1
2022-07-01,49.3,46.82,49.46,48.6,5499428389,2.9415274463007157,2.9415274463007157,2.9415274463007157,2.9415274463007157,1,7,2022,0
2022-07-04,47.68,47.62,49.8,48.95,3029643423,2.8340971367772845,2.8340971367772845,2.8340971367772845,2.8340971367772845,4,7,2022,0
2022-07-05,47.0,46.5,48.16,47.15,4444391609,2.770017798837771,2.770017798837771,2.770017798837771,2.770017798837771,5,7,2022,0
2022-07-06,48.42,47.1,48.94,47.93,5795640160,2.8130228667038484,2.8130228667038484,2.8130228667038484,2.8130228667038484,6,7,2022,0
2022-07-07,49.2,48.14,49.36,48.79,3844834019,2.8453779957434997,2.8453779957434997,2.8453779957434997,2.8453779957434997,7,7,2022,0
2022-07-08,49.54,48.92,49.64,49.32,1363431836,2.8650411770148976,2.8650411770148976,2.8650411770148976,2.8650411770148976,8,7,2022,0
2022-07-13,49.2,48.52,51.0,49.83,3567251039,2.823918358913136,2.823918358913136,2.823918358913136,2.823918358913136,13,7,2022,0
2022-07-14,47.94,47.7,49.6,48.68,6040588789,2.7410575427682735,2.7410575427682735,2.7410575427682735,2.7410575427682735,14,7,2022,0
2022-07-18,49.98,48.38,49.98,49.2,4428109586,2.856816233209488,2.856816233209488,2.856816233209488,2.856816233209488,18,7,2022,0
2022-07-19,51.1,49.58,51.3,50.47,4686737001,2.907688018163092,2.907688018163092,2.907688018163092,2.907688018163092,19,7,2022,0
2022-07-20,51.35,50.25,51.75,51.13,4575243482,2.918907242982686,2.918907242982686,2.918907242982686,2.918907242982686,20,7,2022,0
2022-07-21,51.6,51.05,52.1,51.53,4443140965,2.921873849795299,2.921873849795299,2.921873849795299,2.921873849795299,21,7,2022,0
2022-07-22,50.05,49.2,52.0,51.05,3703093117,2.8208466485185624,2.8208466485185624,2.8208466485185624,2.8208466485185624,22,7,2022,0
2022-07-25,49.54,49.44,50.45,49.9,4025025781,2.777980272639081,2.777980272639081,2.777980272639081,2.777980272639081,25,7,2022,0
2022-07-26,49.0,48.86,50.3,49.59,4120471247,2.742701056779509,2.742701056779509,2.742701056779509,2.742701056779509,26,7,2022,0
2022-07-27,49.7,49.16,50.1,49.61,3761299718,2.776179597035018,2.776179597035018,2.776179597035018,2.776179597035018,27,7,2022,0
2022-07-28,49.7,49.46,50.75,50.2,3419422315,2.7708552855318986,2.7708552855318986,2.7708552855318986,2.7708552855318986,28,7,2022,0
2022-07-29,50.4,49.52,50.5,50.02,3141474775,2.8115429457606504,2.8115429457606504,2.8115429457606504,2.8115429457606504,29,7,2022,0
2022-08-01,51.5,50.65,51.6,51.22,3670140530,2.8678505599269397,2.8678505599269397,2.8678505599269397,2.8678505599269397,1,8,2022,0
2022-08-02,52.35,51.65,53.2,52.38,7187000087,2.9139994433620933,2.9139994433620933,2.9139994433620933,2.9139994433620933,2,8,2022,0
2022-08-03,55.0,52.8,55.0,54.03,7188218931,3.060980292852333,3.060980292852333,3.060980292852333,3.060980292852333,3,8,2022,0
2022-08-04,55.3,55.1,56.35,55.73,6055347414,3.0778135835656997,3.0778135835656997,3.0778135835656997,3.0778135835656997,4,8,2022,0
2022-08-05,58.2,55.2,58.4,56.45,5625282811,3.2390015861090244,3.2390015861090244,3.2390015861090244,3.2390015861090244,5,8,2022,0
2022-08-08,58.75,57.6,59.0,58.38,5132869918,3.269046718155312,3.269046718155312,3.269046718155312,3.269046718155312,8,8,2022,0
2022-08-09,58.6,57.9,59.65,58.84,6005799424,3.262043397423765,3.262043397423765,3.262043397423765,3.262043397423765,9,8,2022,0
2022-08-10,60.15,58.6,60.35,59.53,5512035917,3.348531155535514,3.348531155535514,3.348531155535514,3.348531155535514,10,8,2022,0
2022-08-11,61.4,60.1,62.45,61.3,8390346995,3.4172051269207864,3.4172051269207864,3.4172051269207864,3.4172051269207864,11,8,2022,0
2022-08-12,62.4,61.25,63.35,62.56,6338850855,3.4726666629565526,3.4726666629565526,3.4726666629565526,3.4726666629565526,12,8,2022,0
2022-08-15,63.6,62.1,63.65,62.82,5281619548,3.538562542423804,3.538562542423804,3.538562542423804,3.538562542423804,15,8,2022,0
2022-08-16,67.85,61.7,68.05,64.72,9333432975,3.7748130674737403,3.7748130674737403,3.7748130674737403,3.7748130674737403,16,8,2022,0
2022-08-17,68.7,66.0,69.1,67.93,9571503883,3.8222939327343033,3.8222939327343033,3.8222939327343033,3.8222939327343033,17,8,2022,0
2022-08-18,69.65,66.8,70.05,68.48,6803820632,3.8692079928448817,3.8692079928448817,3.8692079928448817,3.8692079928448817,18,8,2022,0
2022-08-19,68.5,68.15,70.2,69.36,5469426767,3.782586847641819,3.782586847641819,3.782586847641819,3.782586847641819,19,8,2022,0
2022-08-22,67.75,67.5,69.35,68.33,5211995710,3.736611624033445,3.736611624033445,3.736611624033445,3.736611624033445,22,8,2022,0
2022-08-23,67.8,67.0,69.05,67.97,5290049415,3.7387300449419616,3.7387300449419616,3.7387300449419616,3.7387300449419616,23,8,2022,0
2022-08-24,68.65,68.1,71.7,69.94,11072368727,3.7823066285405753,3.7823066285405753,3.7823066285405753,3.7823066285405753,24,8,2022,0
2022-08-25,70.3,68.8,71.0,69.95,7057708534,3.867035584428443,3.867035584428443,3.867035584428443,3.867035584428443,25,8,2022,0
2022-08-26,69.7,67.4,71.15,70.2,6573729990,3.8319442306423595,3.8319442306423595,3.8319442306423595,3.8319442306423595,26,8,2022,0
2022-08-29,70.45,68.5,70.85,70.0,6083455503,3.8714109080917707,3.8714109080917707,3.8714109080917707,3.8714109080917707,29,8,2022,0
2022-08-31,73.1,70.7,73.4,72.28,7656674543,4.015799506677434,4.015799506677434,4.015799506677434,4.015799506677434,31,8,2022,0
2022-09-01,71.1,70.5,73.1,71.66,6896764083,3.903762106604001,3.903762106604001,3.903762106604001,3.903762106604001,1,9,2022,1
2022-09-02,71.8,71.05,72.45,71.73,4824721905,3.937763591591394,3.937763591591394,3.937763591591394,3.937763591591394,2,9,2022,1
2022-09-05,75.15,72.4,76.25,74.01,9953068743,4.120562787178279,4.120562787178279,4.120562787178279,4.120562787178279,5,9,2022,1
2022-09-06,73.65,72.6,75.75,74.65,6294782583,4.03836031056718,4.03836031056718,4.03836031056718,4.03836031056718,6,9,2022,1
2022-09-07,74.7,73.15,76.1,74.61,8556109962,4.09386851393121,4.09386851393121,4.09386851393121,4.09386851393121,7,9,2022,1
2022-09-08,73.0,72.2,76.05,74.9,9489706054,3.9994959539345722,3.9994959539345722,3.9994959539345722,3.9994959539345722,8,9,2022,1
2022-09-09,73.4,72.25,75.0,73.7,6573968623,4.021543198715737,4.021543198715737,4.021543198715737,4.021543198715737,9,9,2022,1
2022-09-12,74.95,73.15,75.55,74.59,7092231976,4.106511793551215,4.106511793551215,4.106511793551215,4.106511793551215,12,9,2022,1
2022-09-13,71.1,71.1,78.6,75.88,10688416747,3.895186075942432,3.895186075942432,3.895186075942432,3.895186075942432,13,9,2022,1
2022-09-14,74.3,69.4,74.3,72.05,5992164590,4.067911677589255,4.067911677589255,4.067911677589255,4.067911677589255,14,9,2022,1
2022-09-15,74.15,73.65,76.5,74.9,6735126524,4.057344532297338,4.057344532297338,4.057344532297338,4.057344532297338,15,9,2022,1
2022-09-16,73.95,73.8,75.35,74.53,3899842049,4.0453605540420785,4.0453605540420785,4.0453605540420785,4.0453605540420785,16,9,2022,1
2022-09-19,68.75,68.75,74.55,72.34,3173086545,3.757097498729418,3.757097498729418,3.757097498729418,3.757097498729418,19,9,2022,1
2022-09-20,72.45,68.0,72.45,70.68,4834625842,3.9565300494224944,3.9565300494224944,3.9565300494224944,3.9565300494224944,20,9,2022,1
2022-09-21,69.75,68.5,72.35,70.1,5020732305,3.8056733177287088,3.8056733177287088,3.8056733177287088,3.8056733177287088,21,9,2022,1
2022-09-22,71.3,69.15,72.15,70.73,4754066436,3.8806522543704958,3.8806522543704958,3.8806522543704958,3.8806522543704958,22,9,2022,1
2022-09-23,70.85,70.5,73.05,71.6,4990038638,3.849853015491786,3.849853015491786,3.849853015491786,3.849853015491786,23,9,2022,1
2022-09-26,69.4,68.25,71.15,69.61,3481306742,3.7595206881981387,3.7595206881981387,3.7595206881981387,3.7595206881981387,26,9,2022,1
2022-09-27,71.0,69.55,72.15,70.95,4883850983,3.8411183605457633,3.8411183605457633,3.8411183605457633,3.8411183605457633,27,9,2022,1
2022-09-28,68.95,68.9,71.2,70.03,3064928669,3.7231026755581955,3.7231026755581955,3.7231026755581955,3.7231026755581955,28,9,2022,1
2022-09-29,68.6,65.05,70.55,68.85,4427928156,3.7006867309341804,3.7006867309341804,3.7006867309341804,3.7006867309341804,29,9,2022,1
2022-09-30,70.6,67.9,70.6,68.91,3439050750,3.805499107917702,3.805499107917702,3.805499107917702,3.805499107917702,30,9,2022,1
2022-10-03,77.65,71.3,77.65,74.76,6898571482,4.180777576171991,4.180777576171991,4.180777576171991,4.180777576171991,3,10,2022,0
2022-10-04,80.8,78.2,81.45,79.78,8415459129,4.349206861842707,4.349206861842707,4.349206861842707,4.349206861842707,4,10,2022,0
2022-10-05,84.8,81.0,84.9,82.73,8724298882,4.561960351830432,4.561960351830432,4.561960351830432,4.561960351830432,5,10,2022,0
2022-10-06,84.7,83.4,85.15,84.28,6068194881,4.555649381733298,4.555649381733298,4.555649381733298,4.555649381733298,6,10,2022,0
2022-10-07,84.2,83.6,86.55,84.73,5822374481,4.528659097387685,4.528659097387685,4.528659097387685,4.528659097387685,7,10,2022,0
2022-10-10,86.15,84.3,86.45,85.69,6388944278,4.6338380442675415,4.6338380442675415,4.6338380442675415,4.6338380442675415,10,10,2022,0
2022-10-11,84.5,84.5,86.5,85.72,5179671938,4.544256758573588,4.544256758573588,4.544256758573588,4.544256758573588,11,10,2022,0
2022-10-12,85.1,83.85,86.05,85.06,6617316419,4.575293415555997,4.575293415555997,4.575293415555997,4.575293415555997,12,10,2022,0
2022-10-13,88.0,85.4,88.3,87.14,8179426111,4.731411734976423,4.731411734976423,4.731411734976423,4.731411734976423,13,10,2022,0
2022-10-14,90.0,88.65,90.45,89.77,5551598767,4.840531382778465,4.840531382778465,4.840531382778465,4.840531382778465,14,10,2022,0
2022-10-17,98.45,89.6,98.9,95.4,8997328931,5.293096125206321,5.293096125206321,5.293096125206321,5.293096125206321,17,10,2022,0
2022-10-18,97.25,95.9,100.5,98.0,7270226833,5.228550844632738,5.228550844632738,5.228550844632738,5.228550844632738,18,10,2022,0
2022-10-19,97.4,96.75,99.0,97.76,6277120391,5.236671756381858,5.236671756381858,5.236671756381858,5.236671756381858,19,10,2022,0
2022-10-20,99.05,97.35,100.9,99.32,7979329522,5.324667645050828,5.324667645050828,5.324667645050828,5.324667645050828,20,10,2022,0
2022-10-21,97.95,97.6,99.55,98.6,5836967169,5.263978159461725,5.263978159461725,5.263978159461725,5.263978159461725,21,10,2022,0
2022-10-24,99.5,97.3,100.2,98.93,7707818628,5.3447210807616905,5.3447210807616905,5.3447210807616905,5.3447210807616905,24,10,2022,0
2022-10-25,100.5,99.55,102.1,100.81,6344429355,5.3985818650623125,5.3985818650623125,5.3985818650623125,5.3985818650623125,25,10,2022,0
2022-10-26,98.8,98.8,102.1,100.42,5712142582,5.306150946030859,5.306150946030859,5.306150946030859,5.306150946030859,26,10,2022,0
2022-10-27,99.4,96.5,100.4,98.95,8825170164,5.337915849958382,5.337915849958382,5.337915849958382,5.337915849958382,27,10,2022,0
2022-10-28,96.95,96.95,99.25,98.17,1870662946,5.206347501543914,5.206347501543914,5.206347501543914,5.206347501543914,28,10,2022,0
2022-10-31,101.3,96.8,101.5,98.94,6452211849,5.438926174496644,5.438926174496644,5.438926174496644,5.438926174496644,31,10,2022,0
2022-11-01,102.4,101.1,104.8,102.84,6407381966,5.496776548518178,5.496776548518178,5.496776548518178,5.496776548518178,1,11,2022,0
2022-11-02,100.8,100.4,102.8,101.49,6046134117,5.410163378346465,5.410163378346465,5.410163378346465,5.410163378346465,2,11,2022,0
2022-11-03,101.8,101.0,104.5,102.6,10681513421,5.464099577578942,5.464099577578942,5.464099577578942,5.464099577578942,3,11,2022,0
2022-11-04,104.2,101.8,106.4,104.62,11765115520,5.594000139581578,5.594000139581578,5.594000139581578,5.594000139581578,4,11,2022,0
2022-11-07,107.2,102.8,107.6,104.96,11387530070,5.758239869365304,5.758239869365304,5.758239869365304,5.758239869365304,7,11,2022,0
2022-11-08,113.0,105.6,115.5,111.7,13413483178,6.0707647014580575,6.0707647014580575,6.0707647014580575,6.0707647014580575,8,11,2022,0
2022-11-09,111.2,111.0,116.2,113.24,10102115230,5.974447417340941,5.974447417340941,5.974447417340941,5.974447417340941,9,11,2022,0
2022-11-10,113.4,110.9,114.3,112.69,8221987236,6.092614182789171,6.092614182789171,6.092614182789171,6.092614182789171,10,11,2022,0
2022-11-11,111.5,111.1,115.6,113.51,9143633629,6.012467106682197,6.012467106682197,6.012467106682197,6.012467106682197,11,11,2022,0
2022-11-14,109.7,107.5,111.7,109.95,8996284014,5.893001992984265,5.893001992984265,5.893001992984265,5.893001992984265,14,11,2022,0
2022-11-15,109.0,107.9,113.1,110.52,9787977910,5.853951954629187,5.853951954629187,5.853951954629187,5.853951954629187,15,11,2022,0
2022-11-16,104.6,104.1,109.6,106.53,10584460184,5.6160772291155485,5.6160772291155485,5.6160772291155485,5.6160772291155485,16,11,2022,0
2022-11-17,107.0,101.4,108.9,106.64,12411455682,5.743609563378316,5.743609563378316,5.743609563378316,5.743609563378316,17,11,2022,0
2022-11-18,106.6,105.7,109.4,107.41,7724043503,5.722568176937942,5.722568176937942,5.722568176937942,5.722568176937942,18,11,2022,0
2022-11-21,106.9,104.4,107.8,106.11,6604263512,5.737625728608694,5.737625728608694,5.737625728608694,5.737625728608694,21,11,2022,0
2022-11-22,111.2,107.2,111.2,108.76,10175313650,5.9666575449779735,5.9666575449779735,5.9666575449779735,5.9666575449779735,22,11,2022,0
2022-11-23,112.5,110.9,113.5,112.37,9264862371,6.035504863275696,6.035504863275696,6.035504863275696,6.035504863275696,23,11,2022,0
2022-11-24,111.6,111.3,114.5,112.89,9756812275,5.98776692778195,5.98776692778195,5.98776692778195,5.98776692778195,24,11,2022,0
2022-11-25,113.8,110.5,114.0,112.1,9462969354,6.104953703206978,6.104953703206978,6.104953703206978,6.104953703206978,25,11,2022,0
2022-11-28,115.1,113.8,117.5,115.57,9966236634,6.174760198279007,6.174760198279007,6.174760198279007,6.174760198279007,28,11,2022,0
2022-11-29,120.5,113.4,121.0,117.1,12505041823,6.461992224158734,6.461992224158734,6.461992224158734,6.461992224158734,29,11,2022,0
2022-11-30,120.0,118.7,121.1,119.9,6812385062,6.433281509676728,6.433281509676728,6.433281509676728,6.433281509676728,30,11,2022,0
2022-12-01,124.4,122.3,126.1,124.49,9113075868,6.67174377071512,6.67174377071512,6.67174377071512,6.67174377071512,1,12,2022,1
2022-12-02,128.3,123.7,129.2,126.9,9899539117,6.881644299981764,6.881644299981764,6.881644299981764,6.881644299981764,2,12,2022,1
2022-12-05,138.6,127.2,141.0,133.37,14530361131,7.433030327407288,7.433030327407288,7.433030327407288,7.433030327407288,5,12,2022,1
2022-12-06,135.6,133.4,140.0,136.88,9349278315,7.271596265531239,7.271596265531239,7.271596265531239,7.271596265531239,6,12,2022,1
2022-12-07,134.7,130.3,139.3,136.39,10679323637,7.222481380796886,7.222481380796886,7.222481380796886,7.222481380796886,7,12,2022,1
2022-12-08,135.8,132.7,138.0,135.61,9586996575,7.2800180124157015,7.2800180124157015,7.2800180124157015,7.2800180124157015,8,12,2022,1
2022-12-09,141.0,135.4,142.3,139.37,9465868320,7.558538468136204,7.558538468136204,7.558538468136204,7.558538468136204,9,12,2022,1
2022-12-12,145.0,141.8,146.5,143.69,12502455028,7.773381796348119,7.773381796348119,7.773381796348119,7.773381796348119,12,12,2022,1
2022-12-13,144.0,143.6,146.6,144.88,8430869524,7.71782764590178,7.71782764590178,7.71782764590178,7.71782764590178,13,12,2022,1
2022-12-14,137.0,137.0,145.2,142.23,9120950855,7.341829133664162,7.341829133664162,7.341829133664162,7.341829133664162,14,12,2022,1
2022-12-15,140.1,137.0,143.2,140.28,8208647484,7.508481207359491,7.508481207359491,7.508481207359491,7.508481207359491,15,12,2022,1
2022-12-16,139.3,138.6,142.2,140.26,7068350765,7.465046113942435,7.465046113942435,7.465046113942435,7.465046113942435,16,12,2022,1
2022-12-19,143.3,140.3,144.2,142.83,7226233080,7.677594603717178,7.677594603717178,7.677594603717178,7.677594603717178,19,12,2022,1
2022-12-20,145.9,144.0,148.0,145.96,10762159297,7.813964448871822,7.813964448871822,7.813964448871822,7.813964448871822,20,12,2022,1
2022-12-21,142.9,142.9,146.8,144.65,7320225991,7.651203632313887,7.651203632313887,7.651203632313887,7.651203632313887,21,12,2022,1
2022-12-22,142.1,141.1,145.4,143.67,6825310097,7.6047051771933765,7.6047051771933765,7.6047051771933765,7.6047051771933765,22,12,2022,1
2022-12-23,141.8,140.8,143.3,142.1,5402916803,7.585808439613114,7.585808439613114,7.585808439613114,7.585808439613114,23,12,2022,1
2022-12-26,145.0,142.8,145.3,144.24,6301883747,7.754591252821068,7.754591252821068,7.754591252821068,7.754591252821068,26,12,2022,1
2022-12-27,143.1,143.0,146.6,144.53,9142366444,7.646273043013625,7.646273043013625,7.646273043013625,7.646273043013625,27,12,2022,1
2022-12-28,140.1,137.1,143.8,140.44,6820576618,7.47993870828239,7.47993870828239,7.47993870828239,7.47993870828239,28,12,2022,1
2022-12-29,142.3,138.5,143.2,141.38,6441918661,7.597315579568934,7.597315579568934,7.597315579568934,7.597315579568934,29,12,2022,1
2022-12-30,140.9,140.5,145.4,143.11,7185286509,7.521887678838352,7.521887678838352,7.521887678838352,7.521887678838352,30,12,2022,1
2023-01-02,146.8,142.1,147.1,144.85,8798936818,7.834932698568578,7.834932698568578,7.834932698568578,7.834932698568578,2,1,2023,0
2023-01-03,147.4,146.4,150.4,148.52,10925716712,7.863765858238816,7.863765858238816,7.863765858238816,7.863765858238816,3,1,2023,0
2023-01-04,144.5,143.6,148.2,145.96,7306022121,7.705392708405544,7.705392708405544,7.705392708405544,7.705392708405544,4,1,2023,0
2023-01-05,135.2,134.5,147.2,143.3,10783049006,7.2020242375815675,7.2020242375815675,7.2020242375815675,7.2020242375815675,5,1,2023,0
2023-01-06,142.5,132.4,144.2,138.67,11707688331,7.586405161949786,7.586405161949786,7.586405161949786,7.586405161949786,6,1,2023,0
2023-01-09,138.4,138.1,144.8,141.6,9223090771,7.366560923162085,7.366560923162085,7.366560923162085,7.366560923162085,9,1,2023,0
2023-01-10,131.2,131.2,138.4,136.09,7228138030,6.982697599165482,6.982697599165482,6.982697599165482,6.982697599165482,10,1,2023,0
2023-01-11,125.3,125.3,135.0,130.59,8781311629,6.667766431281564,6.667766431281564,6.667766431281564,6.667766431281564,11,1,2023,0
2023-01-12,135.8,125.1,136.4,131.3,13291604595,7.225479659051005,7.225479659051005,7.225479659051005,7.225479659051005,12,1,2023,0
2023-01-13,134.7,133.2,138.0,135.59,8141393455,7.167562390251689,7.167562390251689,7.167562390251689,7.167562390251689,13,1,2023,0
2023-01-16,144.4,134.6,144.4,140.48,9813045150,7.680074886048751,7.680074886048751,7.680074886048751,7.680074886048751,16,1,2023,0
2023-01-17,147.4,143.2,147.8,145.17,10947731089,7.839216291104032,7.839216291104032,7.839216291104032,7.839216291104032,17,1,2023,0
2023-01-18,149.1,146.9,151.1,149.19,13193241910,7.929206175314696,7.929206175314696,7.929206175314696,7.929206175314696,18,1,2023,0
2023-01-19,154.6,148.3,155.6,153.12,15474378321,8.21990642279881,8.21990642279881,8.21990642279881,8.21990642279881,19,1,2023,0
2023-01-20,152.9,151.9,155.5,154.03,8788356982,8.128222848333422,8.128222848333422,8.128222848333422,8.128222848333422,20,1,2023,0
2023-01-23,151.2,149.0,156.4,154.2,9400529096,8.03473214902515,8.03473214902515,8.03473214902515,8.03473214902515,23,1,2023,0
2023-01-24,149.7,147.5,152.9,150.27,8909046562,7.959675232489511,7.959675232489511,7.959675232489511,7.959675232489511,24,1,2023,0
2023-01-25,151.8,144.4,153.3,149.62,16289390767,8.066401683422962,8.066401683422962,8.066401683422962,8.066401683422962,25,1,2023,0
2023-01-26,150.2,149.6,153.2,151.46,11923966303,7.981253088617415,7.981253088617415,7.981253088617415,7.981253088617415,26,1,2023,0
2023-01-27,149.8,143.9,150.6,147.73,11981888236,7.95999808704986,7.95999808704986,7.95999808704986,7.95999808704986,27,1,2023,0
2023-01-30,144.8,144.8,150.3,147.4,7173401727,7.693329437079935,7.693329437079935,7.693329437079935,7.693329437079935,30,1,2023,0
2023-01-31,137.6,137.6,144.5,141.2,9282022086,7.3107493518085604,7.3107493518085604,7.3107493518085604,7.3107493518085604,31,1,2023,0
2023-02-01,130.8,130.8,140.3,136.87,8836381312,6.948760857438841,6.948760857438841,6.948760857438841,6.948760857438841,1,2,2023,0
2023-02-02,134.6,125.1,136.4,131.6,13562737619,7.149990438348596,7.149990438348596,7.149990438348596,7.149990438348596,2,2,2023,0
2023-02-03,142.7,133.2,143.4,137.69,10693152762,7.578855683079553,7.578855683079553,7.578855683079553,7.578855683079553,3,2,2023,0
2023-02-06,139.9,134.0,141.5,137.99,1967396170,7.424507774770472,7.424507774770472,7.424507774770472,7.424507774770472,6,2,2023,0
2023-02-07,127.2,126.0,138.8,130.39,6282520280,6.750660736840988,6.750660736840988,6.750660736840988,6.750660736840988,7,2,2023,0
2023-02-15,139.9,135.0,139.9,138.39,2841682082,7.416989624697144,7.416989624697144,7.416989624697144,7.416989624697144,15,2,2023,0
2023-02-16,140.0,138.8,152.8,144.84,9267066143,7.420796251437779,7.420796251437779,7.420796251437779,7.420796251437779,16,2,2023,0
2023-02-17,141.3,136.3,143.3,140.79,4382819083,7.488076311605724,7.488076311605724,7.488076311605724,7.488076311605724,17,2,2023,0
2023-02-20,141.3,139.7,142.4,141.33,4261091703,7.48502201009657,7.48502201009657,7.48502201009657,7.48502201009657,20,2,2023,0
2023-02-21,137.5,137.5,141.7,139.79,4068703889,7.282723261812578,7.282723261812578,7.282723261812578,7.282723261812578,21,2,2023,0
2023-02-22,136.4,135.7,140.4,138.01,4052505413,7.222816474799573,7.222816474799573,7.222816474799573,7.222816474799573,22,2,2023,0
2023-02-23,136.6,136.1,139.0,137.42,3087930838,7.231837024252595,7.231837024252595,7.231837024252595,7.231837024252595,23,2,2023,0
2023-02-24,135.0,134.9,137.5,136.24,2596248407,7.146411442728129,7.146411442728129,7.146411442728129,7.146411442728129,24,2,2023,0
2023-02-27,143.4,133.5,143.4,139.26,7300354734,7.588425798530999,7.588425798530999,7.588425798530999,7.588425798530999,27,2,2023,0
2023-02-28,143.6,141.4,145.5,143.55,6513675927,7.59844644576847,7.59844644576847,7.59844644576847,7.59844644576847,28,2,2023,0
2023-03-01,147.5,144.4,148.7,146.61,5807549195,7.804604452063854,7.804604452063854,7.804604452063854,7.804604452063854,1,3,2023,1
2023-03-02,142.0,141.8,146.2,143.72,5227417358,7.512830008994233,7.512830008994233,7.512830008994233,7.512830008994233,2,3,2023,1
2023-03-03,138.7,135.5,143.2,139.11,5521445729,7.3414599289672715,7.3414599289672715,7.3414599289672715,7.3414599289672715,3,3,2023,1
2023-03-06,142.4,138.7,144.5,141.47,5336829996,7.528774829360107,7.528774829360107,7.528774829360107,7.528774829360107,6,3,2023,1
2023-03-07,141.0,141.0,144.9,142.94,5855975112,7.4505804583428,7.4505804583428,7.4505804583428,7.4505804583428,7,3,2023,1
2023-03-08,140.1,139.4,142.0,140.49,3217112871,7.394076294623065,7.394076294623065,7.394076294623065,7.394076294623065,8,3,2023,1
2023-03-09,140.5,140.4,143.3,141.69,3825921071,7.408930793731148,7.408930793731148,7.408930793731148,7.408930793731148,9,3,2023,1
2023-03-10,138.7,138.4,141.0,139.76,2825975036,7.310927913301988,7.310927913301988,7.310927913301988,7.310927913301988,10,3,2023,1
2023-03-13,135.8,135.5,140.1,137.09,3441061144,7.153580741169964,7.153580741169964,7.153580741169964,7.153580741169964,13,3,2023,1
2023-03-14,132.3,132.3,137.3,135.06,2864962614,6.968475942166392,6.968475942166392,6.968475942166392,6.968475942166392,14,3,2023,1
2023-03-15,130.9,129.6,134.3,131.87,3338887213,6.892230576441103,6.892230576441103,6.892230576441103,6.892230576441103,15,3,2023,1
2023-03-16,132.2,130.1,133.4,132.12,3086606955,6.954307778093405,6.954307778093405,6.954307778093405,6.954307778093405,16,3,2023,1
2023-03-17,126.5,126.5,134.4,131.04,3448602532,6.653447432505641,6.653447432505641,6.653447432505641,6.653447432505641,17,3,2023,1
2023-03-20,126.1,124.7,129.3,127.16,3752297333,6.6277376866514945,6.6277376866514945,6.6277376866514945,6.6277376866514945,20,3,2023,1
2023-03-21,123.9,122.5,127.1,124.43,3784791598,6.5088228959271275,6.5088228959271275,6.5088228959271275,6.5088228959271275,21,3,2023,1
2023-03-22,127.9,122.8,127.9,124.75,3535726338,6.713628823986395,6.713628823986395,6.713628823986395,6.713628823986395,22,3,2023,1
2023-03-23,129.4,125.8,129.5,127.6,2801068252,6.79029837431651,6.79029837431651,6.79029837431651,6.79029837431651,23,3,2023,1
2023-03-24,128.4,126.9,130.7,128.8,3345060811,6.732594355946601,6.732594355946601,6.732594355946601,6.732594355946601,24,3,2023,1
2023-03-27,125.3,125.3,129.3,127.2,2136364264,6.559419546337352,6.559419546337352,6.559419546337352,6.559419546337352,27,3,2023,1
2023-03-28,119.4,119.4,125.4,122.51,2886203790,6.2453251596637775,6.2453251596637775,6.2453251596637775,6.2453251596637775,28,3,2023,1
2023-03-29,124.6,117.6,124.6,120.4,3667544040,6.509416712378862,6.509416712378862,6.509416712378862,6.509416712378862,29,3,2023,1
2023-03-30,121.9,121.5,125.4,123.79,2833548030,6.355446184646827,6.355446184646827,6.355446184646827,6.355446184646827,30,3,2023,1
2023-03-31,118.5,118.5,121.5,119.54,2166042431,6.175799205745317,6.175799205745317,6.175799205745317,6.175799205745317,31,3,2023,1
2023-04-03,120.8,115.9,122.7,118.99,3432922029,6.287311393670009,6.287311393670009,6.287311393670009,6.287311393670009,3,4,2023,0
2023-04-04,128.1,120.2,128.7,124.46,4977213900,6.659838728963799,6.659838728963799,6.659838728963799,6.659838728963799,4,4,2023,0
2023-04-05,125.3,125.3,129.8,127.95,4319837027,6.505306003779619,6.505306003779619,6.505306003779619,6.505306003779619,5,4,2023,0
2023-04-06,127.2,125.2,128.0,126.82,3680090543,6.600660066006601,6.600660066006601,6.600660066006601,6.600660066006601,6,4,2023,0
2023-04-07,127.4,126.4,129.5,127.82,2805774922,6.612033485745722,6.612033485745722,6.612033485745722,6.612033485745722,7,4,2023,0
2023-04-10,133.5,128.1,133.8,130.64,6046362617,6.926896594664992,6.926896594664992,6.926896594664992,6.926896594664992,10,4,2023,0
2023-04-11,133.0,132.2,134.3,133.09,4640437676,6.892405916068115,6.892405916068115,6.892405916068115,6.892405916068115,11,4,2023,0
2023-04-12,133.4,132.9,136.0,134.69,5291064638,6.903618448290138,6.903618448290138,6.903618448290138,6.903618448290138,12,4,2023,0
2023-04-13,137.1,134.2,138.2,136.39,5228301894,7.088275134682398,7.088275134682398,7.088275134682398,7.088275134682398,13,4,2023,0
2023-04-14,134.4,134.2,137.4,135.74,3420658505,6.938134963244404,6.938134963244404,6.938134963244404,6.938134963244404,14,4,2023,0
2023-04-17,135.7,133.2,136.2,134.88,4188480708,6.998813760379596,6.998813760379596,6.998813760379596,6.998813760379596,17,4,2023,0
2023-04-18,136.2,135.3,137.6,136.4,3520546698,7.016856942669909,7.016856942669909,7.016856942669909,7.016856942669909,18,4,2023,0
2023-04-19,134.7,133.8,136.9,135.29,2707395394,6.9377559166645195,6.9377559166645195,6.9377559166645195,6.9377559166645195,19,4,2023,0
2023-04-20,134.0,133.3,134.6,133.79,827345543,6.901702248203754,6.901702248203754,6.901702248203754,6.901702248203754,20,4,2023,0
2023-04-24,136.3,134.4,136.9,135.81,3697256388,7.0184653093171026,7.0184653093171026,7.0184653093171026,7.0184653093171026,24,4,2023,0
2023-04-25,133.7,133.6,137.2,135.86,3277769028,6.881607527047754,6.881607527047754,6.881607527047754,6.881607527047754,25,4,2023,0
2023-04-26,130.0,128.8,134.0,131.29,4048642812,6.687965263737338,6.687965263737338,6.687965263737338,6.687965263737338,26,4,2023,0
2023-04-27,130.8,129.6,133.3,131.32,4138249771,6.7265611741654805,6.7265611741654805,6.7265611741654805,6.7265611741654805,27,4,2023,0
2023-04-28,127.8,125.7,131.7,129.23,3375426609,6.566710170693358,6.566710170693358,6.566710170693358,6.566710170693358,28,4,2023,0
2023-05-02,126.3,125.9,130.4,128.05,4189088888,6.484671427911299,6.484671427911299,6.484671427911299,6.484671427911299,2,5,2023,0
2023-05-03,129.2,124.1,129.3,126.67,4895219998,6.630367287451054,6.630367287451054,6.630367287451054,6.630367287451054,3,5,2023,0
2023-05-04,127.7,127.3,130.1,128.93,4269640637,6.548785115744777,6.548785115744777,6.548785115744777,6.548785115744777,4,5,2023,0
2023-05-05,125.5,124.2,128.8,126.26,2446182716,6.432664609580827,6.432664609580827,6.432664609580827,6.432664609580827,5,5,2023,0
2023-05-08,132.8,124.8,133.1,128.81,3533215468,6.803696948582906,6.803696948582906,6.803696948582906,6.803696948582906,8,5,2023,0
2023-05-09,128.8,128.6,133.3,131.32,3933680361,6.596333094335758,6.596333094335758,6.596333094335758,6.596333094335758,9,5,2023,0
2023-05-10,126.8,126.7,129.9,128.04,2829393107,6.48639800292604,6.48639800292604,6.48639800292604,6.48639800292604,10,5,2023,0
2023-05-11,136.3,126.3,138.3,134.24,7906719813,6.963283113910729,6.963283113910729,6.963283113910729,6.963283113910729,11,5,2023,0
2023-05-12,132.6,131.4,137.5,134.53,5534904615,6.765237089417455,6.765237089417455,6.765237089417455,6.765237089417455,12,5,2023,0
2023-05-15,124.4,123.4,136.0,131.83,7264400041,6.323065975399004,6.323065975399004,6.323065975399004,6.323065975399004,15,5,2023,0
2023-05-16,135.9,125.6,136.4,131.46,6914216239,6.893088651511002,6.893088651511002,6.893088651511002,6.893088651511002,16,5,2023,0
2023-05-17,137.1,134.7,138.1,136.61,6519318104,6.935030249074317,6.935030249074317,6.935030249074317,6.935030249074317,17,5,2023,0
2023-05-18,132.6,131.4,138.8,135.34,5812137864,6.698221384804231,6.698221384804231,6.698221384804231,6.698221384804231,18,5,2023,0
2023-05-22,135.5,132.4,137.9,134.89,5768994748,6.829499405253927,6.829499405253927,6.829499405253927,6.829499405253927,22,5,2023,0
2023-05-23,134.4,133.0,136.0,134.51,3012880858,6.766451690857739,6.766451690857739,6.766451690857739,6.766451690857739,23,5,2023,0
2023-05-24,132.8,132.1,135.6,133.63,2880494293,6.674809129610921,6.674809129610921,6.674809129610921,6.674809129610921,24,5,2023,0
2023-05-25,134.1,132.6,136.1,134.22,3772753760,6.72564773855737,6.72564773855737,6.72564773855737,6.72564773855737,25,5,2023,0
2023-05-26,142.3,134.5,143.6,139.22,7796653740,7.119556516170349,7.119556516170349,7.119556516170349,7.119556516170349,26,5,2023,0
2023-05-29,146.0,144.6,148.6,146.96,9131804304,7.270409433605227,7.270409433605227,7.270409433605227,7.270409433605227,29,5,2023,0
2023-05-30,147.0,146.1,148.8,147.48,9493435689,7.224652282891826,7.224652282891826,7.224652282891826,7.224652282891826,30,5,2023,0
2023-05-31,143.8,143.8,149.4,147.03,8365843650,6.946692108886259,6.946692108886259,6.946692108886259,6.946692108886259,31,5,2023,0
2023-06-01,147.0,144.8,148.6,146.96,6107264770,7.070605041774289,7.070605041774289,7.070605041774289,7.070605041774289,1,6,2023,1
2023-06-02,150.1,147.4,151.2,149.77,7041367897,7.187939968011032,7.187939968011032,7.187939968011032,7.187939968011032,2,6,2023,1
2023-06-05,164.5,153.6,164.9,159.34,13027260249,7.765074629683827,7.765074629683827,7.765074629683827,7.765074629683827,5,6,2023,1
2023-06-06,165.4,160.7,165.8,163.72,9499653585,7.694741151512896,7.694741151512896,7.694741151512896,7.694741151512896,6,6,2023,1
2023-06-07,172.5,170.5,174.8,172.47,10138671707,7.479674796747967,7.479674796747967,7.479674796747967,7.479674796747967,7,6,2023,1
2023-06-08,171.6,168.6,173.0,171.2,7471766411,7.3448842624298045,7.3448842624298045,7.3448842624298045,7.3448842624298045,8,6,2023,1
2023-06-09,176.9,171.1,178.1,174.51,12507334906,7.536125690137005,7.536125690137005,7.536125690137005,7.536125690137005,9,6,2023,1
2023-06-12,183.3,177.6,185.8,182.94,11777302207,7.749152370403565,7.749152370403565,7.749152370403565,7.749152370403565,12,6,2023,1
2023-06-13,177.8,176.4,183.5,179.0,8391542504,7.508033765038237,7.508033765038237,7.508033765038237,7.508033765038237,13,6,2023,1
2023-06-14,182.9,177.4,183.0,180.92,12582934035,7.736428468703207,7.736428468703207,7.736428468703207,7.736428468703207,14,6,2023,1
2023-06-15,183.0,181.5,184.5,183.25,7453398769,7.727551041952579,7.727551041952579,7.727551041952579,7.727551041952579,15,6,2023,1
2023-06-16,180.7,180.5,186.2,183.33,8564601998,7.630461036931938,7.630461036931938,7.630461036931938,7.630461036931938,16,6,2023,1
2023-06-19,174.0,173.0,181.8,178.1,6958862974,7.3480660650261616,7.3480660650261616,7.3480660650261616,7.3480660650261616,19,6,2023,1
2023-06-20,171.4,170.6,174.3,172.32,6534235351,7.256746572732585,7.256746572732585,7.256746572732585,7.256746572732585,20,6,2023,1
2023-06-21,169.4,168.1,173.8,171.79,6036223592,7.180491444024805,7.180491444024805,7.180491444024805,7.180491444024805,21,6,2023,1
2023-06-22,180.3,169.3,181.8,175.84,12651158587,7.618363509602181,7.618363509602181,7.618363509602181,7.618363509602181,22,6,2023,1
2023-06-23,184.7,181.5,186.3,184.41,8958485316,7.301549652118911,7.301549652118911,7.301549652118911,7.301549652118911,23,6,2023,1
2023-06-26,191.0,185.5,191.5,189.69,8934954564,7.383183350341715,7.383183350341715,7.383183350341715,7.383183350341715,26,6,2023,1
2023-06-27,193.7,189.2,193.7,191.19,3379027826,7.48755295791199,7.48755295791199,7.48755295791199,7.48755295791199,27,6,2023,1
2023-07-03,210.5,201.2,211.9,208.44,12733549548,8.071907079120027,8.071907079120027,8.071907079120027,8.071907079120027,3,7,2023,0
2023-07-04,208.1,207.4,211.5,209.12,8428285321,7.988391688387465,7.988391688387465,7.988391688387465,7.988391688387465,4,7,2023,0
2023-07-05,216.5,204.1,216.5,211.16,15189535923,8.296799313262616,8.296799313262616,8.296799313262616,8.296799313262616,5,7,2023,0
2023-07-06,216.6,215.5,220.6,218.13,11000700721,8.301363247879626,8.301363247879626,8.301363247879626,8.301363247879626,6,7,2023,0
2023-07-07,215.2,214.6,218.2,216.42,6946785030,8.249952079739312,8.249952079739312,8.249952079739312,8.249952079739312,7,7,2023,0
2023-07-10,214.6,213.0,217.7,215.48,8770355816,8.221182762332731,8.221182762332731,8.221182762332731,8.221182762332731,10,7,2023,0
2023-07-11,215.3,214.6,218.3,216.6,7548486580,8.24300990462918,8.24300990462918,8.24300990462918,8.24300990462918,11,7,2023,0
2023-07-12,210.9,210.9,215.6,213.22,6883898149,8.062882069358372,8.062882069358372,8.062882069358372,8.062882069358372,12,7,2023,0
2023-07-13,209.5,208.6,213.7,211.51,7324013117,8.00642042306002,8.00642042306002,8.00642042306002,8.00642042306002,13,7,2023,0
2023-07-14,213.5,211.2,214.7,213.18,8272042944,8.151437287384935,8.151437287384935,8.151437287384935,8.151437287384935,14,7,2023,0
2023-07-17,218.8,214.7,219.0,217.55,9912994602,8.323790900894389,8.323790900894389,8.323790900894389,8.323790900894389,17,7,2023,0
2023-07-18,214.0,213.5,221.0,217.83,10562072373,7.963798210750383,7.963798210750383,7.963798210750383,7.963798210750383,18,7,2023,0
2023-07-19,223.6,213.1,224.3,218.99,12464489787,8.298447195748345,8.298447195748345,8.298447195748345,8.298447195748345,19,7,2023,0
2023-07-20,225.2,222.5,227.2,225.03,11688795566,8.360496283811376,8.360496283811376,8.360496283811376,8.360496283811376,20,7,2023,0
2023-07-21,223.6,222.1,225.5,224.0,7494852362,8.29906320055822,8.29906320055822,8.29906320055822,8.29906320055822,21,7,2023,0
2023-07-24,221.8,220.6,226.8,224.55,9998869979,8.224044019770336,8.224044019770336,8.224044019770336,8.224044019770336,24,7,2023,0
2023-07-25,217.3,217.3,223.1,220.87,11818512742,8.055666770467251,8.055666770467251,8.055666770467251,8.055666770467251,25,7,2023,0
2023-07-26,224.1,215.8,224.1,219.84,6994894896,8.307137985231755,8.307137985231755,8.307137985231755,8.307137985231755,26,7,2023,0
2023-07-27,228.5,222.5,228.7,225.4,9391208411,8.469424820418542,8.469424820418542,8.469424820418542,8.469424820418542,27,7,2023,0
2023-07-28,235.0,228.4,237.6,232.94,12264859948,8.70760600120795,8.70760600120795,8.70760600120795,8.70760600120795,28,7,2023,0
2023-07-31,234.3,232.6,236.6,235.01,9249888433,8.683953033268102,8.683953033268102,8.683953033268102,8.683953033268102,31,7,2023,0
2023-08-01,231.0,230.7,235.1,232.84,6650067667,8.561453445707043,8.561453445707043,8.561453445707043,8.561453445707043,1,8,2023,0
2023-08-02,236.5,230.3,239.1,235.49,9298513658,8.763543658381135,8.763543658381135,8.763543658381135,8.763543658381135,2,8,2023,0
2023-08-03,235.0,234.0,238.4,236.4,7878590686,8.704251749184207,8.704251749184207,8.704251749184207,8.704251749184207,3,8,2023,0
2023-08-04,248.8,234.9,251.2,242.28,14904409407,9.213756939018113,9.213756939018113,9.213756939018113,9.213756939018113,4,8,2023,0
2023-08-07,266.9,249.9,269.1,262.54,16062815004,9.880171912770185,9.880171912770185,9.880171912770185,9.880171912770185,7,8,2023,0
2023-08-08,261.8,258.6,269.8,263.35,13802403850,9.685319600748782,9.685319600748782,9.685319600748782,9.685319600748782,8,8,2023,0
2023-08-09,260.0,252.6,264.2,258.61,14409529760,9.61616699583546,9.61616699583546,9.61616699583546,9.61616699583546,9,8,2023,0
2023-08-10,258.5,257.5,269.7,264.37,15098529954,9.557649077141505,9.557649077141505,9.557649077141505,9.557649077141505,10,8,2023,0
2023-08-11,265.7,257.1,265.7,262.47,13388428432,9.820880737471631,9.820880737471631,9.820880737471631,9.820880737471631,11,8,2023,0
2023-08-14,261.4,260.4,267.4,264.14,10302265807,9.658016079451405,9.658016079451405,9.658016079451405,9.658016079451405,14,8,2023,0
2023-08-15,259.7,256.3,265.1,261.84,10272685128,9.593398028126352,9.593398028126352,9.593398028126352,9.593398028126352,15,8,2023,0
2023-08-16,254.5,254.5,260.5,256.91,7494586722,9.40012779741524,9.40012779741524,9.40012779741524,9.40012779741524,16,8,2023,0
2023-08-17,262.1,253.2,262.1,258.47,9799758872,9.665559116270666,9.665559116270666,9.665559116270666,9.665559116270666,17,8,2023,0
2023-08-18,251.4,249.9,263.6,258.81,9057125164,9.273536116623754,9.273536116623754,9.273536116623754,9.273536116623754,18,8,2023,0
2023-08-21,259.0,248.5,259.6,254.39,12071157438,9.530362852926999,9.530362852926999,9.530362852926999,9.530362852926999,21,8,2023,0
2023-08-22,254.9,253.2,263.7,258.38,12206465454,9.365642165598075,9.365642165598075,9.365642165598075,9.365642165598075,22,8,2023,0
2023-08-23,239.7,239.5,256.2,247.98,11078535630,8.805183928059774,8.805183928059774,8.805183928059774,8.805183928059774,23,8,2023,0
2023-08-24,230.5,229.3,250.2,239.46,13885320314,8.492217002855302,8.492217002855302,8.492217002855302,8.492217002855302,24,8,2023,0
2023-08-25,238.0,227.3,239.2,232.66,8305739163,8.996885112045241,8.996885112045241,8.996885112045241,8.996885112045241,25,8,2023,0
2023-08-28,256.0,239.8,257.0,249.46,12255990268,9.633150077704903,9.633150077704903,9.633150077704903,9.633150077704903,28,8,2023,0
2023-08-29,247.9,246.1,256.0,250.66,7146630032,9.311077891542283,9.311077891542283,9.311077891542283,9.311077891542283,29,8,2023,0
2023-08-31,245.0,245.0,252.8,248.32,6120742001,9.202154430931259,9.202154430931259,9.202154430931259,9.202154430931259,31,8,2023,0
2023-09-01,254.0,241.7,255.5,249.85,11604889435,9.503711685823754,9.503711685823754,9.503711685823754,9.503711685823754,1,9,2023,1
2023-09-04,252.7,251.7,258.6,255.16,9651057922,9.435054194622728,9.435054194622728,9.435054194622728,9.435054194622728,4,9,2023,1
2023-09-05,252.0,249.1,254.4,251.38,6243230384,9.399933603643593,9.399933603643593,9.399933603643593,9.399933603643593,5,9,2023,1
2023-09-06,245.0,245.0,252.7,248.55,6840074057,9.135552961969998,9.135552961969998,9.135552961969998,9.135552961969998,6,9,2023,1
2023-09-07,244.6,242.9,247.5,244.69,6135928315,9.108817976323031,9.108817976323031,9.108817976323031,9.108817976323031,7,9,2023,1
2023-09-08,243.3,243.3,249.6,246.46,7079807971,9.059090739844361,9.059090739844361,9.059090739844361,9.059090739844361,8,9,2023,1
2023-09-11,234.5,232.7,244.6,239.57,7003318332,8.720811314369442,8.720811314369442,8.720811314369442,8.720811314369442,11,9,2023,1
2023-09-12,236.0,232.8,243.2,237.64,8282209001,8.771082188013349,8.771082188013349,8.771082188013349,8.771082188013349,12,9,2023,1
2023-09-13,231.7,230.8,238.3,234.92,5838627565,8.597115495215373,8.597115495215373,8.597115495215373,8.597115495215373,13,9,2023,1
2023-09-14,238.5,227.0,238.7,231.74,7849781075,8.847948833999865,8.847948833999865,8.847948833999865,8.847948833999865,14,9,2023,1
2023-09-15,227.1,227.1,236.0,229.86,8573719849,8.417814185369831,8.417814185369831,8.417814185369831,8.417814185369831,15,9,2023,1
2023-09-18,218.1,216.5,228.6,221.41,8726802287,8.06881243063263,8.06881243063263,8.06881243063263,8.06881243063263,18,9,2023,1
2023-09-19,218.6,214.6,222.8,218.52,8850216170,8.083602047155578,8.083602047155578,8.083602047155578,8.083602047155578,19,9,2023,1
2023-09-20,223.3,221.5,228.2,225.12,11025147436,8.258258258258259,8.258258258258259,8.258258258258259,8.258258258258259,20,9,2023,1
2023-09-21,232.6,218.3,232.9,225.43,10192501630,8.598668426325382,8.598668426325382,8.598668426325382,8.598668426325382,21,9,2023,1
2023-09-22,226.1,226.1,233.9,229.89,6577945587,8.32694970684423,8.32694970684423,8.32694970684423,8.32694970684423,22,9,2023,1
2023-09-25,232.5,226.2,233.2,229.96,10738526394,8.540258595357038,8.540258595357038,8.540258595357038,8.540258595357038,25,9,2023,1
2023-09-26,227.5,227.3,236.8,232.59,11387047358,8.345622491727745,8.345622491727745,8.345622491727745,8.345622491727745,26,9,2023,1
2023-09-27,230.4,227.9,234.9,231.44,10423637540,8.435512629470841,8.435512629470841,8.435512629470841,8.435512629470841,27,9,2023,1
2023-09-28,243.2,230.9,246.1,240.12,23586282556,8.8679830078944,8.8679830078944,8.8679830078944,8.8679830078944,28,9,2023,1
2023-09-29,242.5,240.6,249.7,246.31,12939953245,8.841974768467878,8.841974768467878,8.841974768467878,8.841974768467878,29,9,2023,1
2023-10-02,253.4,241.4,255.2,249.39,15553874739,9.230085562237512,9.230085562237512,9.230085562237512,9.230085562237512,2,10,2023,0
2023-10-03,247.7,247.0,255.6,251.12,10824943514,9.006846949053317,9.006846949053317,9.006846949053317,9.006846949053317,3,10,2023,0
2023-10-04,238.5,237.5,249.0,242.4,9040917210,8.647194465795542,8.647194465795542,8.647194465795542,8.647194465795542,4,10,2023,0
2023-10-05,241.5,232.9,243.8,239.25,10190457774,8.757647075888729,8.757647075888729,8.757647075888729,8.757647075888729,5,10,2023,0
2023-10-06,238.4,238.3,242.9,240.18,7375272445,8.635303322273577,8.635303322273577,8.635303322273577,8.635303322273577,6,10,2023,0
2023-10-09,227.2,227.2,233.2,230.67,7025716883,8.20044900345776,8.20044900345776,8.20044900345776,8.20044900345776,9,10,2023,0
2023-10-10,238.1,230.2,238.5,233.65,7710322661,8.58667820693137,8.58667820693137,8.58667820693137,8.58667820693137,10,10,2023,0
2023-10-11,230.1,229.4,237.4,232.45,5803992163,8.295090359165515,8.295090359165515,8.295090359165515,8.295090359165515,11,10,2023,0
2023-10-12,225.1,218.7,235.0,227.67,8467534087,8.109490734069228,8.109490734069228,8.109490734069228,8.109490734069228,12,10,2023,0
2023-10-13,222.2,219.4,224.2,221.58,6310901704,7.994559957400724,7.994559957400724,7.994559957400724,7.994559957400724,13,10,2023,0
2023-10-16,223.0,222.0,228.3,224.16,7131977835,7.996700912627974,7.996700912627974,7.996700912627974,7.996700912627974,16,10,2023,0
2023-10-17,225.1,220.0,225.9,223.18,7544345887,8.061714555853607,8.061714555853607,8.061714555853607,8.061714555853607,17,10,2023,0
2023-10-18,216.5,216.1,221.3,219.05,6391011118,7.727644264231893,7.727644264231893,7.727644264231893,7.727644264231893,18,10,2023,0
2023-10-19,213.6,213.0,221.1,217.73,8764512643,7.624405235710487,7.624405235710487,7.624405235710487,7.624405235710487,19,10,2023,0
2023-10-20,207.1,205.2,211.2,208.64,7377830084,7.390674403500132,7.390674403500132,7.390674403500132,7.390674403500132,20,10,2023,0
2023-10-23,213.7,208.0,215.2,211.99,8485578549,7.615606112441555,7.615606112441555,7.615606112441555,7.615606112441555,23,10,2023,0
2023-10-24,218.0,211.8,219.0,214.79,9861775166,7.75684773094413,7.75684773094413,7.75684773094413,7.75684773094413,24,10,2023,0
2023-10-25,203.0,203.0,224.2,217.01,11065181848,7.216161357633668,7.216161357633668,7.216161357633668,7.216161357633668,25,10,2023,0
2023-10-26,214.2,203.3,215.4,209.44,10744515025,7.608371339670091,7.608371339670091,7.608371339670091,7.608371339670091,26,10,2023,0
2023-10-27,217.2,208.3,217.9,211.94,9168253179,7.70855145245151,7.70855145245151,7.70855145245151,7.70855145245151,27,10,2023,0
2023-10-30,218.9,215.8,221.1,218.42,7808411010,7.747246524533538,7.747246524533538,7.747246524533538,7.747246524533538,30,10,2023,0
2023-10-31,217.3,216.5,223.9,220.43,8818751280,7.681865424181791,7.681865424181791,7.681865424181791,7.681865424181791,31,10,2023,0
2023-11-01,218.1,210.7,220.7,216.33,9889325271,7.712164073550212,7.712164073550212,7.712164073550212,7.712164073550212,1,11,2023,0
2023-11-02,223.0,218.7,228.2,224.6,17200631688,7.863936270378351,7.863936270378351,7.863936270378351,7.863936270378351,2,11,2023,0
2023-11-03,225.7,219.2,226.7,223.17,10436201316,7.947462938835874,7.947462938835874,7.947462938835874,7.947462938835874,3,11,2023,0
2023-11-06,226.2,225.8,229.0,227.64,7858168434,7.953726331334939,7.953726331334939,7.953726331334939,7.953726331334939,6,11,2023,0
2023-11-07,226.0,225.6,228.1,226.78,7237438330,7.933582574201815,7.933582574201815,7.933582574201815,7.933582574201815,7,11,2023,0
2023-11-08,228.6,227.3,231.1,229.12,9052975110,8.01318003365115,8.01318003365115,8.01318003365115,8.01318003365115,8,11,2023,0
2023-11-09,230.2,224.9,230.5,227.68,7728624428,8.069491572954934,8.069491572954934,8.069491572954934,8.069491572954934,9,11,2023,0
2023-11-10,229.1,228.2,231.7,229.95,7312220064,8.028173949609279,8.028173949609279,8.028173949609279,8.028173949609279,10,11,2023,0
2023-11-13,232.2,228.7,240.0,234.76,13509754051,8.120755139297879,8.120755139297879,8.120755139297879,8.120755139297879,13,11,2023,0
2023-11-14,237.1,232.9,237.9,235.44,8949736377,8.280337080613673,8.280337080613673,8.280337080613673,8.280337080613673,14,11,2023,0
2023-11-15,235.6,234.8,238.3,236.46,8502032605,8.218251075244437,8.218251075244437,8.218251075244437,8.218251075244437,15,11,2023,0
2023-11-16,244.3,235.4,244.3,240.13,10348943796,8.510860666446028,8.510860666446028,8.510860666446028,8.510860666446028,16,11,2023,0
2023-11-17,254.25,243.9,255.25,249.94,12204388419,8.855521770477415,8.855521770477415,8.855521770477415,8.855521770477415,17,11,2023,0
2023-11-20,254.75,254.25,260.5,257.07,9478275377,8.858774272519891,8.858774272519891,8.858774272519891,8.858774272519891,20,11,2023,0
2023-11-21,268.5,254.25,269.25,261.44,18599165112,9.323175643767883,9.323175643767883,9.323175643767883,9.323175643767883,21,11,2023,0
2023-11-22,262.0,260.5,268.75,264.21,9218362046,9.092928339395286,9.092928339395286,9.092928339395286,9.092928339395286,22,11,2023,0
2023-11-23,260.75,259.5,267.75,263.56,16367918856,9.044272712137188,9.044272712137188,9.044272712137188,9.044272712137188,23,11,2023,0
2023-11-24,259.75,259.0,263.5,261.35,8768557583,9.000128202018661,9.000128202018661,9.000128202018661,9.000128202018661,24,11,2023,0
2023-11-27,260.5,257.25,262.25,260.22,10603382606,9.010598262217057,9.010598262217057,9.010598262217057,9.010598262217057,27,11,2023,0
2023-11-28,261.0,259.75,264.25,261.71,9264274649,9.022119748763348,9.022119748763348,9.022119748763348,9.022119748763348,28,11,2023,0
2023-11-29,255.0,255.0,262.25,257.61,8920348795,8.819989208483792,8.819989208483792,8.819989208483792,8.819989208483792,29,11,2023,0
2023-11-30,251.0,249.9,256.5,253.56,8119643139,8.693303039538943,8.693303039538943,8.693303039538943,8.693303039538943,30,11,2023,0
2023-12-01,260.75,253.0,260.75,257.17,11837639832,9.020212887402144,9.020212887402144,9.020212887402144,9.020212887402144,1,12,2023,1
2023-12-04,262.0,258.5,264.0,261.94,10598116441,9.064646150120227,9.064646150120227,9.064646150120227,9.064646150120227,4,12,2023,1
2023-12-05,259.0,256.75,263.25,259.9,8371744925,8.954965857031723,8.954965857031723,8.954965857031723,8.954965857031723,5,12,2023,1
2023-12-06,251.25,251.0,259.75,255.12,7395226629,8.684366067200575,8.684366067200575,8.684366067200575,8.684366067200575,6,12,2023,1
2023-12-07,259.75,248.9,259.75,253.66,8871431920,8.979810551061329,8.979810551061329,8.979810551061329,8.979810551061329,7,12,2023,1
2023-12-08,254.0,252.75,261.0,256.65,7283720315,8.773899376500458,8.773899376500458,8.773899376500458,8.773899376500458,8,12,2023,1
2023-12-11,246.3,246.3,254.5,249.45,8303669409,8.495534928962426,8.495534928962426,8.495534928962426,8.495534928962426,11,12,2023,1
2023-12-12,249.0,244.7,250.75,247.64,10779897570,8.577481527411772,8.577481527411772,8.577481527411772,8.577481527411772,12,12,2023,1
2023-12-13,241.3,241.1,248.5,244.29,6092133226,8.304110069894934,8.304110069894934,8.304110069894934,8.304110069894934,13,12,2023,1
2023-12-14,252.25,241.9,252.75,247.18,9236097228,8.688448926731144,8.688448926731144,8.688448926731144,8.688448926731144,14,12,2023,1
2023-12-15,253.25,251.5,256.75,253.96,8641175718,8.721661058859588,8.721661058859588,8.721661058859588,8.721661058859588,15,12,2023,1
2023-12-18,245.7,244.8,252.75,248.58,6916329979,8.45561918396564,8.45561918396564,8.45561918396564,8.45561918396564,18,12,2023,1
2023-12-19,245.3,242.2,248.2,245.28,8676394530,8.434712642097228,8.434712642097228,8.434712642097228,8.434712642097228,19,12,2023,1
2023-12-20,241.9,241.6,245.9,243.1,6231328864,8.306976967798875,8.306976967798875,8.306976967798875,8.306976967798875,20,12,2023,1
2023-12-21,245.0,241.0,247.2,243.78,9873105410,8.407052315885554,8.407052315885554,8.407052315885554,8.407052315885554,21,12,2023,1
2023-12-22,233.0,233.0,245.1,238.85,7610296924,7.983033484200103,7.983033484200103,7.983033484200103,7.983033484200103,22,12,2023,1
2023-12-25,226.2,223.9,232.4,227.8,3864989289,7.729792163590013,7.729792163590013,7.729792163590013,7.729792163590013,25,12,2023,1
2023-12-26,227.7,226.1,232.7,229.25,5699205099,7.766718740406721,7.766718740406721,7.766718740406721,7.766718740406721,26,12,2023,1
2023-12-27,222.2,221.6,229.5,226.19,5879095387,7.560317519725896,7.560317519725896,7.560317519725896,7.560317519725896,27,12,2023,1
2023-12-28,229.0,222.5,231.0,227.48,5725142504,7.775838534203503,7.775838534203503,7.775838534203503,7.775838534203503,28,12,2023,1
2023-12-29,228.6,227.9,231.0,229.47,4064684246,7.751438559846464,7.751438559846464,7.751438559846464,7.751438559846464,29,12,2023,1
2024-01-02,236.4,233.5,237.8,235.8,5949755027,8.015923340103692,8.015923340103692,8.015923340103692,8.015923340103692,2,1,2024,0
2024-01-03,230.1,229.7,236.0,232.32,4572165055,7.7232907058705065,7.7232907058705065,7.7232907058705065,7.7232907058705065,3,1,2024,0
2024-01-04,233.3,229.7,234.3,232.25,4752374432,7.829174329167618,7.829174329167618,7.829174329167618,7.829174329167618,4,1,2024,0
2024-01-05,239.2,233.2,239.2,235.42,7337523547,8.020117351215424,8.020117351215424,8.020117351215424,8.020117351215424,5,1,2024,0
2024-01-08,242.6,237.7,244.1,241.87,6354251281,8.116997179460585,8.116997179460585,8.116997179460585,8.116997179460585,8,1,2024,0
2024-01-09,242.9,239.4,250.5,245.4,11352141563,8.113949378843603,8.113949378843603,8.113949378843603,8.113949378843603,9,1,2024,0
2024-01-10,249.9,242.2,252.25,247.39,11467212507,8.33903395344957,8.33903395344957,8.33903395344957,8.33903395344957,10,1,2024,0
2024-01-11,246.7,245.0,251.5,247.61,7356198760,8.220017926103138,8.220017926103138,8.220017926103138,8.220017926103138,11,1,2024,0
2024-01-12,251.0,241.9,254.75,249.15,11530463733,8.34707885495371,8.34707885495371,8.34707885495371,8.34707885495371,12,1,2024,0
2024-01-15,253.25,248.7,254.75,251.67,8802777034,8.413900794046313,8.413900794046313,8.413900794046313,8.413900794046313,15,1,2024,0
2024-01-16,249.8,248.1,253.5,250.32,6848855251,8.29870004750657,8.29870004750657,8.29870004750657,8.29870004750657,16,1,2024,0
2024-01-17,252.5,248.1,254.75,252.18,8861517965,8.381381052435911,8.381381052435911,8.381381052435911,8.381381052435911,17,1,2024,0
2024-01-18,250.75,250.75,255.25,253.05,6538588617,8.319812600990746,8.319812600990746,8.319812600990746,8.319812600990746,18,1,2024,0
2024-01-19,250.25,249.1,253.0,250.9,6513465304,8.292986833951371,8.292986833951371,8.292986833951371,8.292986833951371,19,1,2024,0
2024-01-22,250.25,250.25,256.5,252.99,7994323333,8.276831486687614,8.276831486687614,8.276831486687614,8.276831486687614,22,1,2024,0
2024-01-23,248.8,248.0,255.25,251.46,7560612538,8.218544577676479,8.218544577676479,8.218544577676479,8.218544577676479,23,1,2024,0
2024-01-24,251.0,249.2,253.5,251.31,7858175976,8.292312266675477,8.292312266675477,8.292312266675477,8.292312266675477,24,1,2024,0
2024-01-25,252.25,251.0,255.0,252.97,7605292604,8.332507514947313,8.332507514947313,8.332507514947313,8.332507514947313,25,1,2024,0
2024-01-26,260.0,252.5,260.0,256.72,11688369435,8.58403106098624,8.58403106098624,8.58403106098624,8.58403106098624,26,1,2024,0
2024-01-29,274.0,262.5,277.25,271.65,14988798543,9.031160800806871,9.031160800806871,9.031160800806871,9.031160800806871,29,1,2024,0
2024-01-30,272.0,270.5,275.0,272.83,9880015837,8.959186295080023,8.959186295080023,8.959186295080023,8.959186295080023,30,1,2024,0
2024-01-31,272.75,267.0,275.25,271.14,10253257608,8.986909261047062,8.986909261047062,8.986909261047062,8.986909261047062,31,1,2024,0
2024-02-01,274.5,272.5,277.25,274.71,10598488696,9.041233955515153,9.041233955515153,9.041233955515153,9.041233955515153,1,2,2024,0
2024-02-02,281.5,276.25,285.75,280.67,16604474218,9.25378040762656,9.25378040762656,9.25378040762656,9.25378040762656,2,2,2024,0
2024-02-05,289.25,282.5,290.25,286.22,14020792443,9.473666972356872,9.473666972356872,9.473666972356872,9.473666972356872,5,2,2024,0
2024-02-06,291.0,285.5,293.25,289.48,14757357592,9.521441238638074,9.521441238638074,9.521441238638074,9.521441238638074,6,2,2024,0
2024-02-07,286.0,286.0,292.0,288.39,8642863705,9.34949117192276,9.34949117192276,9.34949117192276,9.34949117192276,7,2,2024,0
2024-02-08,286.75,285.25,291.75,289.25,14742125593,9.37376392171477,9.37376392171477,9.37376392171477,9.37376392171477,8,2,2024,0
2024-02-09,294.75,286.25,294.75,288.65,10713229542,9.614882762040214,9.614882762040214,9.614882762040214,9.614882762040214,9,2,2024,0
2024-02-12,290.25,289.5,294.0,291.6,13047070691,9.458402580897449,9.458402580897449,9.458402580897449,9.458402580897449,12,2,2024,0
