date,close,min,max,open,volume,Sermaye(mn TL),USDTRY,BIST 100,PiyasaDeğeri(mn TL),PiyasaDeğeri(mn USD),HalkaAçık PD(mn TL),HalkaAçık PD(mn USD)
01-02-2021,12.01,12.01,12.25,12.11,698270099,1380,7.2315,1492,16574,2292,8333,1152
02-02-2021,12.06,12.06,12.32,12.17,1022520339,1380,7.1501,1511,16643,2328,8368,1170
03-02-2021,12.15,12.06,12.22,12.14,697147084,1380,7.1627,1534,16767,2341,8430,1177
04-02-2021,12.2,12.14,12.29,12.21,685498137,1380,7.1453,1535,16836,2356,8465,1185
05-02-2021,12.16,12.16,12.47,12.32,965861098,1380,7.0917,1527,16781,2366,8437,1190
08-02-2021,12.15,12.02,12.29,12.15,621234382,1380,7.0791,1535,16767,2369,8430,1191
09-02-2021,12.17,12.13,12.34,12.23,794868214,1380,7.0949,1544,16795,2367,8444,1190
10-02-2021,12.21,12.14,12.3,12.23,714103133,1380,7.064,1547,16850,2385,8472,1199
11-02-2021,12.15,12.14,12.26,12.19,481750599,1380,7.0531,1546,16767,2377,8430,1195
12-02-2021,12,11.97,12.16,12.06,455630304,1380,7.0288,1538,16560,2356,8326,1185
15-02-2021,12.4,12.13,12.43,12.31,1300825788,1380,6.985,1562,17112,2450,8604,1232
16-02-2021,12.18,12.1,12.46,12.28,782041560,1380,6.9275,1543,16808,2426,8451,1220
17-02-2021,12.2,12.12,12.43,12.28,818240578,1380,7.0167,1541,16836,2399,8465,1206
18-02-2021,12.27,12.23,12.63,12.44,1598832116,1380,6.9652,1546,16933,2431,8514,1222
19-02-2021,12.3,12.12,12.31,12.21,865152747,1380,6.9736,1560,16974,2434,8535,1224
22-02-2021,12.64,12.32,12.77,12.58,1901073778,1380,7.0066,1551,17443,2490,8770,1252
23-02-2021,13.02,12.47,13.34,12.9,3553225812,1380,7.038,1518,17968,2553,9034,1284
24-02-2021,12.83,12.76,13.15,12.97,2312668875,1380,7.1485,1483,17705,2477,8902,1245
25-02-2021,13.39,12.9,13.45,13.19,2767999675,1380,7.2054,1488,18478,2564,9291,1289
26-02-2021,13.49,13.02,13.61,13.38,2491241238,1380,7.3841,1471,18616,2521,9360,1268
01-03-2021,13.8,13.58,13.92,13.78,1786311865,1380,7.316,1527,19044,2603,9575,1309
02-03-2021,14.81,13.75,15.07,14.68,5371625981,1380,7.3248,1529,20438,2790,10276,1403
03-03-2021,14.92,14.61,15.13,14.89,4030435091,1380,7.3524,1531,20590,2800,10352,1408
04-03-2021,14.72,14.66,15.17,14.96,2747824844,1380,7.4659,1538,20314,2721,10214,1368
05-03-2021,14.78,14.51,14.91,14.72,1328410762,1380,7.5231,1542,20396,2711,10255,1363
08-03-2021,14.65,14.58,14.88,14.73,1296760801,1380,7.6075,1530,20217,2658,10165,1336
09-03-2021,15.02,14.71,15.11,14.95,1841430414,1380,7.654,1549,20728,2708,10422,1362
10-03-2021,14.9,14.84,15.02,14.93,851664050,1380,7.6088,1565,20562,2702,10339,1359
11-03-2021,14.75,14.43,15.01,14.77,951489954,1380,7.4581,1556,20355,2729,10234,1372
12-03-2021,14.5,14.5,14.8,14.63,680596039,1380,7.5846,1557,20010,2638,10061,1327
15-03-2021,14.69,14.44,14.83,14.67,987076778,1380,7.551,1555,20272,2685,10193,1350
16-03-2021,14.74,14.63,14.87,14.72,950732604,1380,7.5176,1570,20341,2706,10228,1360
17-03-2021,14.55,14.53,14.92,14.72,1311067829,1380,7.5115,1562,20079,2673,10096,1344
18-03-2021,13.94,13.91,14.62,14.21,1337789701,1380,7.4708,1551,19237,2575,9674,1295
19-03-2021,13.79,13.57,14.27,13.94,1531787835,1380,7.2801,1529,19030,2614,9570,1315
22-03-2021,12.42,12.42,13.07,12.53,703776966,1380,7.9182,1379,17140,2165,8620,1089
23-03-2021,12.21,11.2,12.57,12.07,1090465721,1380,7.8222,1377,16850,2154,8474,1083
24-03-2021,13.01,12.21,13.01,12.6,834723000,1380,7.9809,1414,17954,2250,9029,1131
25-03-2021,12.67,12.63,13.25,12.95,1006407995,1380,7.9552,1394,17485,2198,8793,1105
26-03-2021,12.66,12.35,12.98,12.7,694800248,1380,8.0037,1382,17471,2183,8786,1098
29-03-2021,12.48,12.37,12.66,12.5,488746012,1380,8.1338,1393,17222,2117,8661,1065
30-03-2021,12.71,12.39,12.86,12.6,905929283,1380,8.341,1396,17540,2103,8821,1058
31-03-2021,12.75,12.54,12.76,12.66,595326461,1380,8.3408,1392,17595,2110,8849,1061
01-04-2021,13,12.75,13,12.88,529476700,1380,8.1854,1427,17940,2192,9022,1102
02-04-2021,12.91,12.83,13.1,12.97,370185735,1380,8.0506,1430,17816,2213,8960,1113
05-04-2021,13.06,12.84,13.08,12.98,476594850,1380,8.154,1442,18023,2210,9064,1112
06-04-2021,12.76,12.76,13.14,12.98,586646776,1380,8.1588,1421,17609,2158,8855,1085
07-04-2021,12.85,12.76,13.06,12.88,881633567,1380,8.1836,1418,17733,2167,8918,1090
08-04-2021,12.53,12.52,12.91,12.67,632852403,1380,8.1665,1417,17291,2117,8696,1065
09-04-2021,11.94,11.91,12.53,12.17,693973594,1380,8.153,1393,16477,2021,8286,1016
12-04-2021,11.97,11.62,12.09,11.88,568334181,1380,8.1828,1376,16519,2019,8307,1015
13-04-2021,11.93,11.55,11.95,11.72,722332508,1380,8.153,1378,16463,2019,8279,1016
14-04-2021,11.93,11.87,12.19,12,446344990,1380,8.0875,1409,16463,2036,8279,1024
15-04-2021,11.9,11.77,12.07,11.92,622657386,1380,8.0712,1408,16422,2035,8259,1023
16-04-2021,11.65,11.65,11.99,11.82,490556890,1380,8.0719,1408,16077,1992,8085,1002
19-04-2021,11.6,11.55,11.79,11.7,455732319,1380,8.0659,1377,16008,1985,8050,998
20-04-2021,11.16,11.15,11.64,11.33,473831862,1380,8.1157,1365,15401,1898,7693,948
21-04-2021,10.9,10.72,11.23,10.98,587196749,1380,8.158,1330,15042,1844,7513,921
22-04-2021,11.27,10.72,11.27,11.05,617850885,1380,8.2843,1345,15553,1877,7769,938
26-04-2021,11.73,11.27,11.82,11.6,1107773087,1380,8.3445,1374,16187,1940,8086,969
27-04-2021,11.93,11.57,12.16,11.98,1159901182,1380,8.2458,1392,16463,1997,8223,997
28-04-2021,12.01,11.85,12.09,11.96,671017094,1380,8.2008,1386,16574,2021,8279,1009
29-04-2021,11.98,11.89,12.07,11.96,373995890,1380,8.19,1402,16532,2019,8258,1008
30-04-2021,12.23,11.95,12.33,12.19,945732100,1380,8.2459,1398,16877,2047,8430,1022
03-05-2021,12.92,12.3,12.95,12.68,1256572058,1380,8.3069,1421,17830,2146,8906,1072
04-05-2021,12.62,12.62,13.09,12.76,1317476888,1380,8.3241,1416,17416,2092,8699,1045
05-05-2021,12.6,12.45,12.71,12.59,740161095,1380,8.355,1420,17388,2081,8685,1040
06-05-2021,12.93,12.6,12.97,12.85,1164874516,1380,8.3211,1428,17843,2144,8913,1071
07-05-2021,12.99,12.81,13.05,12.93,651725439,1380,8.2879,1441,17926,2163,9060,1093
10-05-2021,13.37,13.14,13.39,13.26,1222702786,1380,8.2605,1461,18451,2234,9325,1129
11-05-2021,13.35,13.15,13.49,13.36,1016120480,1380,8.3016,1445,18423,2219,9311,1122
12-05-2021,13.39,13.07,13.43,13.26,730730948,1380,8.3016,1441,18478,2226,9339,1125
17-05-2021,13.36,13.35,13.56,13.45,744055888,1380,8.3619,1454,18437,2205,9318,1114
18-05-2021,13.35,13.14,13.44,13.28,1029555073,1380,8.3431,1460,18423,2208,9311,1116
20-05-2021,13.58,13.25,13.71,13.55,1531538784,1380,8.384,1450,18740,2235,9471,1130
21-05-2021,13.49,13.46,13.7,13.58,716478987,1380,8.3705,1452,18616,2224,9409,1124
24-05-2021,13.47,13.46,13.62,13.53,551220767,1380,8.3962,1452,18589,2214,9395,1119
25-05-2021,12.9,12.9,13.55,13.25,952744378,1380,8.4098,1400,17802,2117,8997,1070
26-05-2021,13.05,12.72,13.17,12.98,1132503875,1380,8.4482,1427,18009,2132,9102,1077
27-05-2021,13.05,13.02,13.48,13.22,2250923769,1380,8.4475,1415,18009,2132,9102,1077
28-05-2021,12.98,12.78,13.13,12.93,1113234119,1380,8.5651,1422,17912,2091,9053,1057
31-05-2021,13.32,13.06,13.38,13.28,1588355510,1380,8.5143,1420,18382,2159,9290,1091
01-06-2021,13.49,13.1,13.53,13.3,1279989953,1380,8.5185,1432,18616,2185,9409,1104
02-06-2021,13.65,13.36,13.77,13.63,1526217664,1380,8.6221,1431,18837,2185,9516,1104
03-06-2021,13.99,13.61,14.09,13.92,2558288412,1380,8.6387,1428,19306,2235,9753,1129
04-06-2021,14.04,13.86,14.09,13.99,1570382068,1380,8.6976,1433,19375,2228,9788,1125
07-06-2021,14.28,14.15,14.37,14.27,1352281873,1380,8.6356,1447,19706,2282,9956,1153
08-06-2021,14.48,14.18,14.5,14.33,1212467790,1380,8.6046,1448,19982,2322,10095,1173
09-06-2021,14.56,14.37,14.68,14.55,1774391312,1380,8.5904,1449,20093,2339,10151,1182
10-06-2021,14.43,14.39,14.65,14.5,1244631427,1380,8.5467,1457,19913,2330,10060,1177
11-06-2021,14.59,14.41,14.65,14.57,1574580854,1380,8.3697,1461,20134,2406,10172,1215
14-06-2021,14.62,14.54,14.84,14.7,1664997985,1380,8.3524,1454,20176,2416,10193,1220
15-06-2021,14.49,14.39,14.74,14.57,1199811704,1380,8.5628,1443,19996,2335,10102,1180
16-06-2021,14.32,14.31,14.68,14.53,1449176275,1380,8.5371,1431,19762,2315,9984,1169
17-06-2021,14.66,14.28,14.78,14.61,1976664293,1380,8.6398,1414,20231,2342,10221,1183
18-06-2021,14.54,14.38,14.77,14.55,1506600055,1380,8.6802,1391,20065,2312,10137,1168
21-06-2021,14.59,14.43,14.65,14.55,1473232211,1380,8.7655,1399,20134,2297,10172,1160
22-06-2021,14.76,14.64,14.92,14.81,1667281419,1380,8.7359,1410,20369,2332,10290,1178
23-06-2021,14.56,14.5,14.85,14.64,1268041966,1380,8.6294,1402,20093,2328,10151,1176
24-06-2021,14.61,14.5,14.65,14.58,1005894861,1380,8.6749,1411,20162,2324,10186,1174
25-06-2021,14.28,14.28,14.63,14.43,775601298,1380,8.6928,1392,19706,2267,9956,1145
28-06-2021,13.86,13.79,14.39,14.07,995167257,1380,8.7376,1373,19127,2189,9663,1106
29-06-2021,13.39,13.28,13.8,13.51,1189927913,1380,8.7208,1372,18478,2119,9335,1070
30-06-2021,13.37,13.31,13.56,13.43,973020643,1380,8.6959,1356,18451,2122,9321,1072
01-07-2021,13.75,13.37,13.75,13.53,1294906025,1380,8.6924,1373,18975,2183,9586,1103
02-07-2021,13.74,13.63,13.85,13.75,1405798957,1380,8.6954,1377,18961,2181,9579,1102
05-07-2021,14.12,13.73,14.14,14,1207930659,1380,8.6806,1393,19486,2245,9844,1134
06-07-2021,13.88,13.87,14.19,14.05,826856109,1380,8.6671,1383,19154,2210,9677,1116
07-07-2021,13.85,13.75,13.98,13.89,808574493,1380,8.6813,1391,19113,2202,9656,1112
08-07-2021,13.66,13.61,13.87,13.73,765470044,1380,8.7024,1373,18851,2166,9523,1094
09-07-2021,13.57,13.52,13.73,13.64,757467396,1380,8.6872,1378,18727,2156,9461,1089
12-07-2021,13.24,13.24,13.64,13.47,916501421,1380,8.6475,1357,18271,2113,9231,1067
13-07-2021,13.1,13.03,13.31,13.17,601111296,1380,8.6188,1347,18078,2098,9133,1060
14-07-2021,13.08,13.08,13.27,13.16,611515032,1380,8.6278,1367,18050,2092,9119,1057
16-07-2021,13.08,13.01,13.21,13.13,585692068,1380,8.5252,1363,18050,2117,9119,1070
19-07-2021,12.73,12.73,12.98,12.82,226609756,1380,8.5252,1352,17567,2061,8875,1041
26-07-2021,12.31,12.3,12.78,12.45,637980975,1380,8.5885,1349,16988,1978,8582,999
27-07-2021,12.55,12.24,12.6,12.44,1125514451,1380,8.5758,1360,17319,2020,8750,1020
28-07-2021,12.56,12.45,12.66,12.55,674622105,1380,8.56,1361,17333,2025,8757,1023
29-07-2021,12.78,12.63,12.91,12.78,633006622,1380,8.5128,1392,17636,2072,8910,1047
30-07-2021,12.73,12.65,12.84,12.75,485140927,1380,8.429,1393,17567,2084,8875,1053
02-08-2021,12.87,12.7,12.99,12.86,586452991,1380,8.4001,1400,17761,2114,8973,1068
03-08-2021,12.63,12.62,12.94,12.75,678694619,1380,8.3379,1409,17429,2090,8805,1056
04-08-2021,12.63,12.61,12.78,12.71,790814562,1380,8.4344,1414,17429,2066,8805,1044
05-08-2021,12.76,12.5,12.8,12.69,652575263,1380,8.5416,1432,17609,2062,8903,1042
06-08-2021,12.83,12.73,12.96,12.84,835797024,1380,8.5773,1435,17705,2064,8952,1044
09-08-2021,12.79,12.78,12.95,12.87,715488064,1380,8.6582,1433,17650,2039,8924,1031
10-08-2021,12.63,12.61,12.87,12.72,665330634,1380,8.6361,1437,17429,2018,8812,1020
11-08-2021,12.21,12.16,12.64,12.44,931249328,1380,8.6399,1411,16850,1950,8519,986
12-08-2021,12.43,12.26,12.47,12.39,632911691,1380,8.5877,1444,17153,1997,8673,1010
13-08-2021,12.42,12.36,12.47,12.42,544852925,1380,8.5512,1448,17140,2004,8666,1013
16-08-2021,12.61,12.5,12.69,12.62,886879674,1380,8.4833,1455,17402,2051,8798,1037
17-08-2021,12.44,12.4,12.57,12.45,545907927,1380,8.4293,1462,17167,2037,8680,1030
18-08-2021,12.2,12.2,12.54,12.35,783823850,1380,8.4784,1450,16836,1986,8512,1004
19-08-2021,12.19,12.1,12.31,12.22,621903544,1380,8.5264,1440,16822,1973,8505,998
20-08-2021,12.26,12.14,12.27,12.21,477100247,1380,8.5407,1445,16919,1981,8554,1002
23-08-2021,12.49,12.39,12.53,12.47,867320780,1380,8.4724,1459,17236,2034,8715,1029
24-08-2021,12.81,12.53,12.85,12.72,1466716298,1380,8.4283,1466,17678,2097,8938,1060
25-08-2021,12.5,12.47,12.95,12.76,1703473053,1380,8.3948,1453,17250,2055,8722,1039
26-08-2021,12.79,12.61,12.9,12.78,1662052643,1380,8.3729,1449,17650,2108,8924,1066
27-08-2021,12.68,12.53,12.75,12.6,811879004,1380,8.3903,1458,17498,2086,8847,1054
31-08-2021,12.68,12.64,12.78,12.69,680732539,1380,8.3192,1472,17498,2103,8847,1063
01-09-2021,12.9,12.73,12.98,12.92,1149612265,1380,8.3025,1474,17802,2144,9001,1084
02-09-2021,12.9,12.8,12.93,12.86,1401718366,1380,8.2782,1479,17802,2150,9001,1087
03-09-2021,12.88,12.82,13.09,12.94,1192836561,1380,8.3099,1469,17774,2139,8987,1081
06-09-2021,12.95,12.85,12.99,12.93,693197722,1380,8.2916,1475,17871,2155,9036,1090
07-09-2021,12.65,12.65,13.09,12.91,1332499298,1380,8.313,1455,17457,2100,8825,1062
08-09-2021,12.42,12.36,12.69,12.59,871238915,1380,8.4214,1434,17140,2035,8664,1029
09-09-2021,12.63,12.37,12.63,12.48,794244407,1380,8.4808,1453,17429,2055,8811,1039
10-09-2021,12.41,12.4,12.71,12.56,619304957,1380,8.4195,1439,17126,2034,8657,1028
13-09-2021,12.43,12.36,12.5,12.44,483611654,1380,8.4593,1438,17153,2028,8671,1025
14-09-2021,12.44,12.4,12.54,12.48,815729110,1380,8.4466,1434,17167,2032,8678,1027
15-09-2021,12.26,12.17,12.42,12.31,615846636,1380,8.4424,1424,16919,2004,8552,1013
16-09-2021,12.47,12.27,12.47,12.36,884572601,1380,8.4554,1418,17209,2035,8699,1029
17-09-2021,12.72,12.51,12.8,12.68,1606520709,1380,8.5832,1419,17554,2045,8873,1034
20-09-2021,12.81,12.55,12.91,12.74,1507050650,1380,8.6804,1392,17678,2037,8936,1029
21-09-2021,13.05,12.81,13.1,13,1745820089,1380,8.6456,1386,18009,2083,9104,1053
22-09-2021,13.19,12.98,13.19,13.09,1227154699,1380,8.6505,1407,18202,2104,9201,1064
23-09-2021,13.33,13.09,13.37,13.23,1228376538,1380,8.674,1401,18395,2121,9299,1072
24-09-2021,13.62,13.27,13.63,13.47,966432086,1380,8.8399,1385,18796,2126,9501,1075
27-09-2021,13.53,13.44,13.77,13.62,1216876865,1380,8.8514,1392,18671,2109,9438,1066
28-09-2021,13.78,13.52,13.89,13.74,1511430062,1380,8.8745,1384,19016,2143,9613,1083
29-09-2021,13.78,13.65,13.87,13.78,1186280320,1380,8.8592,1392,19016,2147,9613,1085
30-09-2021,13.95,13.78,14.09,13.99,1069264932,1380,8.8945,1406,19251,2164,9731,1094
01-10-2021,14.05,13.84,14.12,14,1365239344,1380,8.8628,1401,19389,2188,9801,1106
04-10-2021,13.87,13.87,14.18,14.03,1049623657,1380,8.8682,1394,19141,2158,9676,1091
05-10-2021,14.04,13.8,14.09,14.01,1179952292,1380,8.8603,1392,19375,2187,9794,1105
06-10-2021,13.71,13.61,14.06,13.85,933402493,1380,8.9226,1372,18920,2120,9564,1072
07-10-2021,14.12,13.8,14.12,14,947381641,1380,8.8769,1397,19486,2195,9850,1110
08-10-2021,14.09,14.08,14.28,14.19,922184227,1380,8.9142,1398,19444,2181,9829,1103
11-10-2021,14.2,14.09,14.31,14.23,538662278,1380,8.9528,1416,19596,2189,9906,1106
12-10-2021,14,13.92,14.27,14.05,1194235462,1380,9.0158,1417,19320,2143,9766,1083
13-10-2021,14.26,14.18,14.45,14.33,1467916583,1380,9.0384,1414,19679,2177,9948,1101
14-10-2021,14.3,14.18,14.44,14.35,883492588,1380,9.158,1412,19734,2155,9976,1089
15-10-2021,14.64,14.23,14.65,14.44,1330504680,1380,9.2159,1410,20203,2192,10213,1108
18-10-2021,14.57,14.31,14.68,14.45,1037190142,1380,9.2834,1418,20107,2166,10164,1095
19-10-2021,14.32,14.31,14.61,14.4,1151450047,1380,9.3012,1430,19762,2125,9989,1074
20-10-2021,13.8,13.78,14.56,14.13,2535361709,1380,9.3307,1433,19044,2041,9627,1032
21-10-2021,13.97,13.65,14,13.89,1456738397,1380,9.3024,1455,19279,2072,9745,1048
22-10-2021,14.14,13.97,14.17,14.08,1150611119,1380,9.6033,1480,19513,2032,9864,1027
25-10-2021,14.28,13.99,14.29,14.18,1064841017,1380,9.7537,1493,19706,2020,9962,1021
26-10-2021,14.7,14.32,14.75,14.55,1382906362,1380,9.4745,1509,20286,2141,10255,1082
27-10-2021,14.85,14.61,14.91,14.77,1483519515,1380,9.4984,1519,20493,2158,10359,1091
28-10-2021,14.97,14.74,14.98,14.86,385341005,1380,9.4984,1522,20659,2175,10445,1100
01-11-2021,15.28,14.98,15.4,15.26,1185093766,1380,9.5458,1536,21086,2209,10661,1117
02-11-2021,15.49,15.17,15.49,15.37,1332376055,1380,9.5342,1533,21376,2242,10808,1134
03-11-2021,15.58,14.92,15.6,15.45,2252540934,1380,9.6744,1547,21500,2222,10871,1124
04-11-2021,16.97,16,16.99,16.62,3407742878,1380,9.7059,1576,23419,2413,11840,1220
05-11-2021,17.65,16.81,17.9,17.32,3815166063,1380,9.7175,1584,24357,2507,12315,1267
08-11-2021,18.05,17.56,18.2,17.91,3101078500,1380,9.7022,1609,24909,2567,12594,1298
09-11-2021,18.16,17.88,18.37,18.18,2975100765,1380,9.7204,1616,25061,2578,12671,1304
10-11-2021,18.13,18.02,18.3,18.17,1850889642,1380,9.7988,1624,25019,2553,12650,1291
11-11-2021,17.72,17.71,18.3,18,1956486821,1380,9.9349,1625,24454,2461,12364,1244
12-11-2021,17.82,17.63,18.04,17.83,1472293108,1380,9.9283,1639,24592,2477,12434,1252
15-11-2021,17.61,17.47,18.3,17.86,3615134881,1380,9.9984,1702,24302,2431,12287,1229
16-11-2021,17.66,17.52,17.8,17.7,1821650403,1380,10.1854,1686,24371,2393,12322,1210
17-11-2021,17.99,17.66,18.04,17.86,1350869349,1380,10.418,1707,24826,2383,12552,1205
18-11-2021,18,17.62,18.27,18.04,1878827103,1380,10.7155,1737,24840,2318,12559,1172
19-11-2021,17.09,17.06,18.2,17.47,2840040482,1380,11.0465,1737,23584,2135,11924,1079
22-11-2021,17.63,17.14,17.66,17.43,2592674813,1380,11.1913,1755,24329,2174,12301,1099
23-11-2021,18.72,17.38,18.79,18.12,2758279276,1380,12.1775,1785,25834,2121,13061,1073
24-11-2021,18.97,18.77,19.46,19.17,3353964475,1380,12.6309,1812,26179,2073,13236,1048
25-11-2021,18.78,18.7,19.09,18.88,1342761112,1380,12.0217,1819,25916,2156,13103,1090
26-11-2021,16.99,16.91,18,17.32,3476080536,1380,12.1004,1776,23446,1938,11854,980
29-11-2021,17.32,16.43,17.46,17.12,3097347195,1380,12.6823,1809,23902,1885,12085,953
30-11-2021,17.22,16.85,17.44,17.15,1918930954,1380,12.962,1810,23764,1833,12015,927
01-12-2021,18.41,17.41,18.81,18.36,3504335292,1380,13.3603,1857,25406,1902,12845,961
02-12-2021,18.25,18.04,18.66,18.35,2227973063,1380,13.4309,1880,25185,1875,12734,948
03-12-2021,18.53,18.5,19.35,18.91,3499518588,1380,13.7048,1910,25571,1866,12929,943
06-12-2021,18.69,18.38,18.8,18.62,1793632189,1380,13.7988,1927,25792,1869,13041,945
07-12-2021,19.2,19.13,19.47,19.29,1985070149,1380,13.6913,1981,26496,1935,13396,978
08-12-2021,20.38,19.3,20.62,20.03,5042658955,1380,13.6486,2005,28124,2061,14220,1042
09-12-2021,22,20.42,22.4,21.37,4984753725,1380,13.7679,2031,30360,2205,15350,1115
10-12-2021,22.24,21.9,23.12,22.5,5341040991,1380,13.8596,2035,30691,2214,15517,1120
13-12-2021,22.64,21.88,22.98,22.64,3172106159,1380,14.2721,2102,31243,2189,15797,1107
14-12-2021,22.58,22.36,23.12,22.74,2589281991,1380,14.2,2158,31160,2194,15755,1109
15-12-2021,23.48,22.64,24.36,23.66,4995695405,1380,14.6613,2162,32402,2210,16383,1117
16-12-2021,25.12,23.32,25.12,24.09,3657675618,1380,15.2392,2279,34666,2275,17527,1150
17-12-2021,22.62,22.62,26.66,25.4,4907892809,1380,16.3652,2084,31216,1907,15783,964
20-12-2021,22.14,20.36,23.48,22.25,2407388045,1380,17.5046,2056,30553,1745,15448,882
21-12-2021,19.93,19.93,23.48,20.95,1716005753,1380,13.0461,1892,27503,2108,13906,1066
22-12-2021,18.88,18.5,20.56,19.62,2428850322,1380,12.476,1804,26054,2088,13173,1056
23-12-2021,19.21,18.05,19.62,19.05,1868242234,1380,11.4714,1805,26510,2311,13403,1168
24-12-2021,21.12,19.12,21.12,20.18,1950639251,1380,11.7489,1891,29146,2481,14736,1254
27-12-2021,20.78,20.54,21.72,21.12,2274516221,1380,11.4105,1897,28676,2513,14499,1271
28-12-2021,20.48,19.88,21.14,20.68,1312551011,1380,11.8515,1850,28262,2385,14289,1206
29-12-2021,21.08,19.76,21.66,20.84,1649292813,1380,12.2439,1895,29090,2376,14708,1201
30-12-2021,20.14,20.02,21.5,20.7,1627868616,1380,13.0009,1864,27793,2138,14052,1081
31-12-2021,20.02,19.74,20.98,20.46,1319356538,1380,13.353,1858,27628,2069,13969,1046
03-01-2022,21.84,19.83,21.88,20.88,1991851326,1380,13.4463,1927,30139,2241,15238,1133
04-01-2022,22.8,21.76,23.42,22.74,3176985654,1380,13.211,1964,31464,2382,15908,1204
05-01-2022,23.9,22.1,24.12,23.42,2922581467,1380,13.3928,2005,32982,2463,16676,1245
06-01-2022,24.86,23.62,25.36,24.89,3623175160,1380,13.6598,2008,34307,2512,17346,1270
07-01-2022,24.94,24.02,25.58,24.8,2917344800,1380,13.7774,2033,34417,2498,17401,1263
10-01-2022,26.7,25.02,27.38,26.49,4402836027,1380,13.7442,2045,36846,2681,18629,1355
11-01-2022,26.9,26.22,27.68,27.03,4790622863,1380,13.7562,2046,37122,2699,18769,1364
12-01-2022,26.88,26.78,27.42,27.07,2835751396,1380,13.7456,2064,37094,2699,18755,1364
13-01-2022,28.78,26.78,28.94,28.2,4972350109,1380,13.5644,2071,39716,2928,20081,1480
14-01-2022,28.22,27.88,29.3,28.61,4205083417,1380,13.5298,2073,38944,2878,19690,1455
17-01-2022,28.28,28.12,28.72,28.43,2762595398,1380,13.5031,2086,39026,2890,19732,1461
18-01-2022,26.88,26.88,28.56,27.82,3171427704,1380,13.5352,1980,37094,2741,18755,1386
19-01-2022,27.4,26.14,27.62,26.93,4362449165,1380,13.5947,2042,37812,2781,19118,1406
20-01-2022,28.1,27.32,28.66,28.08,4728287964,1380,13.4673,2014,38778,2879,19606,1456
21-01-2022,27.5,26.9,28.34,27.6,3163189469,1380,13.4261,2011,37950,2827,19188,1429
24-01-2022,26.02,25.86,28.16,27.14,5581635057,1380,13.4087,1910,35908,2678,18155,1354
25-01-2022,26.12,25.28,26.62,26.05,3969977247,1380,13.5243,1945,36046,2665,18225,1348
26-01-2022,27.22,26.2,27.9,27.29,4168208494,1380,13.5272,1951,37564,2777,18992,1404
27-01-2022,28.64,26.72,28.78,28.05,5842295918,1380,13.6177,1998,39523,2902,19983,1467
28-01-2022,28.16,28,29.44,28.66,4362585024,1380,13.6311,1983,38861,2851,19648,1441
31-01-2022,28.72,28.24,29.06,28.71,3153301369,1380,13.4257,2003,39634,2952,20039,1493
01-02-2022,28.32,28.18,29.2,28.73,2236462670,1380,13.391,2015,39082,2918,19760,1476
02-02-2022,27.8,27.66,28.72,28.2,2363545049,1380,13.4529,2002,38364,2852,19397,1442
03-02-2022,27.02,26.88,28.38,27.82,2997413972,1380,13.5787,1958,37288,2746,18853,1388
04-02-2022,26.66,26.6,27.32,26.95,2493768706,1380,13.558,1944,36791,2714,18601,1372
07-02-2022,28.26,26.18,28.26,27.13,4044726993,1380,13.5673,1998,38999,2874,19718,1453
08-02-2022,28.78,27.92,29.06,28.54,4399104377,1380,13.6406,2007,39716,2912,20081,1472
09-02-2022,29.84,28.8,30.02,29.59,4671266620,1380,13.5919,2043,41179,3030,20820,1532
10-02-2022,29.8,29.38,30.02,29.79,3548566446,1380,13.5566,2039,41124,3034,20792,1534
11-02-2022,29.62,28.3,30.48,29.46,7945337803,1380,13.5176,2051,40876,3024,20667,1529
14-02-2022,28.6,28.12,29.44,28.8,6374778761,1380,13.5622,2002,39468,2910,19955,1471
15-02-2022,29.96,28.54,30.02,29.37,6658067607,1380,13.6277,2038,41345,3034,20904,1534
16-02-2022,29.6,29.52,30.22,29.91,3987313507,1380,13.6399,2041,40848,2995,20653,1514
17-02-2022,28.74,28.62,30.44,29.71,6902804998,1380,13.628,2010,39661,2910,20053,1471
18-02-2022,29.4,28.64,29.6,29.15,3900371841,1380,13.6363,2032,40572,2975,20513,1504
21-02-2022,29.44,28.92,30.04,29.56,5233791359,1380,13.6369,2038,40627,2979,20541,1506
22-02-2022,28.88,28.28,29.18,28.77,4034544508,1380,13.7695,2017,39854,2894,20150,1463
23-02-2022,28.08,28.08,29.18,28.69,3113809921,1380,13.8097,2016,38750,2806,19592,1419
24-02-2022,25.28,25.28,25.9,25.51,1495720440,1380,14.258,1851,34886,2447,17639,1237
25-02-2022,27.3,23.92,27.54,25.97,6630300009,1380,14.0648,1952,37674,2679,19048,1354
28-02-2022,25.62,25.44,27.14,26.32,4716272836,1380,13.8535,1946,35356,2552,17876,1290
01-03-2022,25.26,24.7,26.68,25.68,4723796887,1380,13.9104,1970,34859,2506,17625,1267
02-03-2022,25.98,25,26.2,25.61,4953246441,1380,14.0639,1986,35852,2549,18127,1289
03-03-2022,25.94,25.76,26.5,26.11,3532525765,1380,14.1374,2023,35797,2532,18099,1280
04-03-2022,25.3,25.16,25.88,25.48,2055720127,1380,14.2021,1991,34914,2458,17653,1243
07-03-2022,25.9,24.5,26.08,25.27,3879528598,1380,14.327,1997,35742,2495,18071,1261
08-03-2022,25.3,25.28,26.28,25.82,4867649391,1380,14.4989,2011,34914,2408,17653,1218
09-03-2022,26.14,25.8,26.48,26.14,5634217754,1380,14.6324,2043,36073,2465,18239,1246
10-03-2022,25.74,25.68,26.8,26.23,3666111995,1380,14.77,2042,35521,2405,17960,1216
11-03-2022,26.42,25.62,26.94,26.49,6757359194,1380,14.9311,2054,36460,2442,18434,1235
14-03-2022,26.62,26.48,26.92,26.71,2966573159,1380,14.789,2088,36736,2484,18574,1256
15-03-2022,27.66,26.34,27.96,27.19,5112299328,1380,14.7769,2079,38171,2583,19299,1306
16-03-2022,27.7,27.58,28.26,27.85,4041989920,1380,14.7022,2089,38226,2600,19327,1315
17-03-2022,27.86,27.74,28.12,27.9,2575854338,1380,14.6961,2134,38447,2616,19439,1323
18-03-2022,27.72,27.64,28.32,27.96,2885644000,1380,14.7906,2144,38254,2586,19341,1308
21-03-2022,27.92,27.76,28.1,27.93,2140588997,1380,14.8427,2175,38530,2596,19481,1312
22-03-2022,28.52,27.88,28.64,28.35,3816851646,1380,14.8308,2189,39358,2654,19899,1342
23-03-2022,28.1,28.1,28.74,28.5,2406281026,1380,14.833,2183,38778,2614,19606,1322
24-03-2022,28.12,27.92,28.5,28.2,2204173541,1380,14.8501,2176,38806,2613,19620,1321
25-03-2022,28.16,27.98,28.4,28.25,1670431046,1380,14.8334,2176,38861,2620,19648,1325
28-03-2022,29.06,28.46,29.24,28.95,4101042199,1380,14.8488,2172,40103,2701,20276,1365
29-03-2022,31.64,29.26,31.8,30.65,7152349371,1380,14.8199,2207,43663,2946,22076,1490
30-03-2022,32.18,31.18,32.26,31.74,5314590083,1380,14.6722,2230,44408,3027,22453,1530
31-03-2022,32.26,32,32.88,32.48,4696844433,1380,14.6635,2233,44519,3036,22509,1535
01-04-2022,32.78,32.36,33.22,32.84,3287507191,1380,14.6873,2252,45236,3080,22872,1557
04-04-2022,33.46,32.74,33.48,33.11,3288949923,1380,14.7127,2311,46175,3138,23337,1586
05-04-2022,34.5,33.6,35.26,34.51,6152700898,1380,14.722,2326,47610,3234,24062,1634
06-04-2022,34.62,34.26,35.08,34.77,4625888447,1380,14.7441,2316,47776,3240,24146,1638
07-04-2022,35.62,34.38,35.64,35.04,4027714684,1380,14.7555,2345,49156,3331,24843,1684
08-04-2022,35.32,34.96,35.84,35.45,3422233894,1380,14.7478,2393,48742,3305,24634,1670
11-04-2022,36.16,35.14,36.96,36.22,6016803156,1380,14.7427,2449,49901,3385,25220,1711
12-04-2022,37.24,36.12,37.5,36.91,5849963772,1380,14.6897,2464,51391,3498,25973,1768
13-04-2022,36.98,36.28,37.54,37.13,4235915944,1380,14.5866,2460,51032,3499,25792,1768
14-04-2022,37.36,36.82,38.14,37.43,5018563505,1380,14.6196,2475,51557,3527,26057,1782
15-04-2022,37.74,37.24,37.96,37.56,2409835557,1380,14.6444,2494,52081,3556,26322,1797
18-04-2022,37.64,37.5,38.06,37.78,2411567075,1380,14.6515,2510,51943,3545,26262,1792
19-04-2022,38.76,37.48,38.76,38.06,4804028160,1380,14.6607,2519,53489,3648,27044,1845
20-04-2022,38.86,38.56,39.58,39.02,4112014497,1380,14.6688,2526,53627,3656,27114,1848
21-04-2022,40.18,38.62,40.24,39.58,4931502471,1380,14.6869,2557,55448,3775,28035,1909
22-04-2022,39.74,39.28,41.44,40.52,7665854133,1380,14.7333,2473,54841,3722,27728,1882
25-04-2022,39.6,38.86,40.06,39.43,4936299912,1380,14.7705,2483,54648,3700,27630,1871
26-04-2022,39.1,38.64,41.24,40.17,7191927583,1380,14.7936,2418,53958,3647,27281,1844
27-04-2022,40.5,38.44,40.52,39.39,5851024660,1380,14.8229,2451,55890,3771,28258,1906
28-04-2022,40.5,40.38,41.78,41.15,6714440475,1380,14.8064,2428,55890,3775,28258,1908
29-04-2022,41.26,40.3,41.62,41,5466724836,1380,14.8118,2431,56939,3844,28788,1944
05-05-2022,42.68,41.82,42.82,42.38,3308438993,1380,14.858,2466,58898,3964,29779,2004
06-05-2022,42.38,41.86,42.78,42.37,3510880969,1380,14.9247,2459,58484,3919,29570,1981
09-05-2022,42.3,42.24,43.2,42.66,3563784455,1380,15.001,2466,58374,3891,29514,1967
10-05-2022,42.2,42.14,42.88,42.53,2803194200,1380,15.2199,2490,58236,3826,29444,1935
11-05-2022,42.2,41.58,42.82,42.21,3607123961,1380,15.3157,2454,58236,3802,29444,1922
12-05-2022,41.86,40.48,42.1,41.43,11103497796,1380,15.3802,2391,57767,3756,29207,1899
13-05-2022,42.48,41.86,42.82,42.35,3862950371,1380,15.4656,2419,58622,3791,29639,1916
16-05-2022,42.72,42.3,43.3,42.84,4912218718,1380,15.5919,2391,58954,3781,29807,1912
17-05-2022,42.08,41.96,43.08,42.64,4050491490,1380,15.8171,2395,58070,3671,29360,1856
18-05-2022,42.4,41.48,42.6,42.18,4915746550,1380,15.9492,2394,58512,3669,29584,1855
20-05-2022,42.86,42.26,43.04,42.7,2797038138,1380,15.9536,2372,59147,3707,29905,1874
23-05-2022,42.96,42.6,43.2,42.92,3592256815,1380,15.878,2381,59285,3734,29974,1888
24-05-2022,42.16,42.1,43.2,42.77,3140586688,1380,16.1135,2375,58181,3611,29416,1826
25-05-2022,42.66,41.68,42.68,42.19,3418259914,1380,16.2963,2418,58871,3613,29765,1826
26-05-2022,44.46,42.58,44.56,43.53,6082092082,1380,16.3975,2451,61355,3742,31021,1892
27-05-2022,45.02,44.24,45.36,44.79,4903370809,1380,16.3773,2439,62128,3794,31412,1918
30-05-2022,49.52,45.72,49.52,48.35,5910038904,1380,16.3857,2527,68338,4171,34551,2109
31-05-2022,49.9,48.78,51,49.58,9320331244,1380,16.4171,2547,68862,4195,34817,2121
01-06-2022,49.26,49.26,51.1,49.91,4048819484,1380,16.4423,2569,67979,4134,34370,2090
02-06-2022,49.6,49.14,50.35,49.8,4163642069,1380,16.4686,2602,68448,4156,34607,2101
03-06-2022,47.98,47.92,49.88,48.88,4071062376,1380,16.5062,2601,66212,4011,33477,2028
06-06-2022,47.86,47.42,48.8,48.12,5066621395,1380,16.5887,2648,66047,3981,33393,2013
07-06-2022,48.46,47.54,49.2,48.37,6685660060,1380,16.7385,2648,66875,3995,33812,2020
08-06-2022,46.72,46.28,50.35,48.88,6823571957,1380,17.1232,2540,64474,3765,32598,1904
09-06-2022,48.34,45.52,48.4,46.89,8793081762,1380,17.2295,2572,66709,3872,33728,1958
10-06-2022,46.7,46.7,48.66,47.76,6083152261,1380,17.0896,2543,64446,3771,32584,1907
13-06-2022,47,46.22,47.7,47.09,5756766917,1380,17.2654,2510,64860,3757,32793,1899
14-06-2022,46.86,46.6,47.8,47.15,4598744608,1380,17.2653,2509,64667,3745,32696,1894
15-06-2022,48.44,46.66,48.96,47.69,5876338878,1380,17.2879,2531,66847,3867,33798,1955
16-06-2022,47.34,46.9,48.76,47.82,5241743643,1380,17.3191,2485,65329,3772,33030,1907
17-06-2022,48.18,47.16,48.18,47.76,4502236794,1380,17.3216,2533,66488,3838,33617,1941
20-06-2022,50.85,48.72,51,49.72,7426793138,1380,17.3425,2539,70173,4046,35479,2046
21-06-2022,51.9,50.25,52.35,51.64,4556745547,1380,17.348,2576,71622,4129,36212,2087
22-06-2022,52.05,51.25,52.9,52.18,5269224113,1380,17.3613,2574,71829,4137,36317,2092
23-06-2022,50.55,50.55,52.35,51.58,3339500493,1380,17.3782,2543,69759,4014,35270,2030
24-06-2022,50.25,48.96,51.45,50.13,5966389566,1380,17.3791,2554,69345,3990,35061,2017
27-06-2022,49.56,49.08,50.5,49.92,5177294097,1380,16.676,2529,68393,4101,34579,2074
28-06-2022,48.04,48.04,49.98,49.22,6058034056,1380,16.6488,2490,66295,3982,33519,2013
29-06-2022,46.18,46.18,48.46,47.49,5042324240,1380,16.6991,2402,63728,3816,32221,1930
30-06-2022,46.8,45.56,47.24,46.41,5259907942,1380,16.6914,2405,64584,3869,32654,1956
01-07-2022,49.3,46.82,49.46,48.6,5499428389,1380,16.76,2444,68034,4059,34398,2052
04-07-2022,47.68,47.62,49.8,48.95,3029643423,1380,16.8237,2406,65798,3911,23905,1421
05-07-2022,47,46.5,48.16,47.15,4444391609,1380,16.9674,2371,64860,3823,32793,1933
06-07-2022,48.42,47.1,48.94,47.93,5795640160,1380,17.2128,2408,66820,3882,33784,1963
07-07-2022,49.2,48.14,49.36,48.79,3844834019,1380,17.2912,2426,67896,3927,34328,1985
08-07-2022,49.54,48.92,49.64,49.32,1363431836,1380,17.2912,2434,68365,3954,34565,1999
13-07-2022,49.2,48.52,51,49.83,3567251039,1380,17.4226,2408,67896,3897,34328,1970
14-07-2022,47.94,47.7,49.6,48.68,6040588789,1380,17.4896,2382,66157,3783,33449,1913
18-07-2022,49.98,48.38,49.98,49.2,4428109586,1380,17.495,2451,68972,3942,34872,1993
19-07-2022,51.1,49.58,51.3,50.47,4686737001,1380,17.5741,2502,70518,4013,35654,2029
20-07-2022,51.35,50.25,51.75,51.13,4575243482,1380,17.5922,2525,70863,4028,35828,2037
21-07-2022,51.6,51.05,52.1,51.53,4443140965,1380,17.6599,2511,71208,4032,36003,2039
22-07-2022,50.05,49.2,52,51.05,3703093117,1380,17.7429,2517,69069,3893,34921,1968
25-07-2022,49.54,49.44,50.45,49.9,4025025781,1380,17.8331,2548,68365,3834,34565,1938
26-07-2022,49,48.86,50.3,49.59,4120471247,1380,17.8656,2537,67620,3785,34189,1914
27-07-2022,49.7,49.16,50.1,49.61,3761299718,1380,17.9023,2544,68586,3831,34677,1937
28-07-2022,49.7,49.46,50.75,50.2,3419422315,1380,17.9367,2543,68586,3824,34677,1933
29-07-2022,50.4,49.52,50.5,50.02,3141474775,1380,17.9261,2592,69552,3880,35165,1962
01-08-2022,51.5,50.65,51.6,51.22,3670140530,1380,17.9577,2656,71070,3958,35933,2001
02-08-2022,52.35,51.65,53.2,52.38,7187000087,1380,17.965,2648,72243,4021,36526,2033
03-08-2022,55,52.8,55,54.03,7188218931,1380,17.9681,2684,75900,4224,38375,2136
04-08-2022,55.3,55.1,56.35,55.73,6055347414,1380,17.9673,2724,76314,4247,38584,2147
05-08-2022,58.2,55.2,58.4,56.45,5625282811,1380,17.9685,2750,80316,4470,40608,2260
08-08-2022,58.75,57.6,59,58.38,5132869918,1380,17.9716,2795,81075,4511,40992,2281
09-08-2022,58.6,57.9,59.65,58.84,6005799424,1380,17.9642,2785,80868,4502,40887,2276
10-08-2022,60.15,58.6,60.35,59.53,5512035917,1380,17.9631,2830,83007,4621,41968,2336
11-08-2022,61.4,60.1,62.45,61.3,8390346995,1380,17.9679,2868,84732,4716,42841,2384
12-08-2022,62.4,61.25,63.35,62.56,6338850855,1380,17.9689,2864,86112,4792,43538,2423
15-08-2022,63.6,62.1,63.65,62.82,5281619548,1380,17.9734,2857,87768,4883,44375,2469
16-08-2022,67.85,61.7,68.05,64.72,9333432975,1380,17.9744,2913,93633,5209,47341,2634
17-08-2022,68.7,66,69.1,67.93,9571503883,1380,17.9735,2980,94806,5275,47934,2667
18-08-2022,69.65,66.8,70.05,68.48,6803820632,1380,18.0011,3020,96117,5340,48597,2700
19-08-2022,68.5,68.15,70.2,69.36,5469426767,1380,18.1093,3020,94530,5220,47794,2639
22-08-2022,67.75,67.5,69.35,68.33,5211995710,1380,18.1314,3062,93495,5157,47271,2607
23-08-2022,67.8,67,69.05,67.97,5290049415,1380,18.1345,3122,93564,5159,47306,2609
24-08-2022,68.65,68.1,71.7,69.94,11072368727,1380,18.1503,3060,94737,5220,47899,2639
25-08-2022,70.3,68.8,71,69.95,7057708534,1380,18.1793,3137,97014,5337,49050,2698
26-08-2022,69.7,67.4,71.15,70.2,6573729990,1380,18.1892,3146,96186,5288,48632,2674
29-08-2022,70.45,68.5,70.85,70,6083455503,1380,18.1975,3165,97221,5343,49155,2701
31-08-2022,73.1,70.7,73.4,72.28,7656674543,1380,18.2031,3171,100878,5542,51004,2802
01-09-2022,71.1,70.5,73.1,71.66,6896764083,1380,18.2132,3143,98118,5387,49608,2724
02-09-2022,71.8,71.05,72.45,71.73,4824721905,1380,18.2337,3223,99084,5434,50097,2747
05-09-2022,75.15,72.4,76.25,74.01,9953068743,1380,18.2378,3358,103707,5686,52434,2875
06-09-2022,73.65,72.6,75.75,74.65,6294782583,1380,18.2376,3391,101637,5573,51388,2818
07-09-2022,74.7,73.15,76.1,74.61,8556109962,1380,18.2468,3403,103086,5650,52120,2856
08-09-2022,73,72.2,76.05,74.9,9489706054,1380,18.2523,3437,100740,5519,50934,2791
09-09-2022,73.4,72.25,75,73.7,6573968623,1380,18.2517,3521,101292,5550,51213,2806
12-09-2022,74.95,73.15,75.55,74.59,7092231976,1380,18.2515,3649,103431,5667,52295,2865
13-09-2022,71.1,71.1,78.6,75.88,10688416747,1380,18.2533,3427,98118,5375,49608,2718
14-09-2022,74.3,69.4,74.3,72.05,5992164590,1380,18.2649,3447,102534,5614,51841,2838
15-09-2022,74.15,73.65,76.5,74.9,6735126524,1380,18.2755,3363,102327,5599,51737,2831
16-09-2022,73.95,73.8,75.35,74.53,3899842049,1380,18.2802,3377,102051,5583,51597,2823
19-09-2022,68.75,68.75,74.55,72.34,3173086545,1380,18.2987,3200,94875,5185,47969,2621
20-09-2022,72.45,68,72.45,70.68,4834625842,1380,18.3115,3278,99981,5460,50550,2761
21-09-2022,69.75,68.5,72.35,70.1,5020732305,1380,18.3279,3246,96255,5252,48667,2655
22-09-2022,71.3,69.15,72.15,70.73,4754066436,1380,18.3732,3295,98394,5355,49748,2708
23-09-2022,70.85,70.5,73.05,71.6,4990038638,1380,18.4033,3282,97773,5313,49434,2686
26-09-2022,69.4,68.25,71.15,69.61,3481306742,1380,18.4598,3260,95772,5188,48422,2623
27-09-2022,71,69.55,72.15,70.95,4883850983,1380,18.4842,3266,97980,5301,49539,2680
28-09-2022,68.95,68.9,71.2,70.03,3064928669,1380,18.5195,3198,95151,5138,48108,2598
29-09-2022,68.6,65.05,70.55,68.85,4427928156,1380,18.5371,3147,94668,5107,47864,2582
30-09-2022,70.6,67.9,70.6,68.91,3439050750,1380,18.5521,3180,97428,5252,49260,2655
03-10-2022,77.65,71.3,77.65,74.76,6898571482,1380,18.5731,3392,107157,5769,54179,2917
04-10-2022,80.8,78.2,81.45,79.78,8415459129,1380,18.5781,3458,111504,6002,56376,3035
05-10-2022,84.8,81,84.9,82.73,8724298882,1380,18.5885,3484,117024,6296,59167,3183
06-10-2022,84.7,83.4,85.15,84.28,6068194881,1380,18.5923,3554,116886,6287,59098,3179
07-10-2022,84.2,83.6,86.55,84.73,5822374481,1380,18.5927,3568,116196,6250,58749,3160
10-10-2022,86.15,84.3,86.45,85.69,6388944278,1380,18.5915,3582,118887,6395,60109,3233
11-10-2022,84.5,84.5,86.5,85.72,5179671938,1380,18.5949,3572,116610,6271,58958,3171
12-10-2022,85.1,83.85,86.05,85.06,6617316419,1380,18.5999,3518,117438,6314,59377,3192
13-10-2022,88,85.4,88.3,87.14,8179426111,1380,18.5991,3553,121440,6529,61400,3301
14-10-2022,90,88.65,90.45,89.77,5551598767,1380,18.593,3627,124200,6680,62796,3377
17-10-2022,98.45,89.6,98.9,95.4,8997328931,1380,18.5997,3848,135861,7304,68691,3693
18-10-2022,97.25,95.9,100.5,98,7270226833,1380,18.5998,3842,134205,7215,67854,3648
19-10-2022,97.4,96.75,99,97.76,6277120391,1380,18.5996,3880,134412,7227,67959,3654
20-10-2022,99.05,97.35,100.9,99.32,7979329522,1380,18.6021,3901,136689,7348,69110,3715
21-10-2022,97.95,97.6,99.55,98.6,5836967169,1380,18.6076,3935,135171,7264,68342,3673
24-10-2022,99.5,97.3,100.2,98.93,7707818628,1380,18.6165,3978,137310,7376,69218,3718
25-10-2022,100.5,99.55,102.1,100.81,6344429355,1380,18.616,3975,138690,7450,69914,3756
26-10-2022,98.8,98.8,102.1,100.42,5712142582,1380,18.6199,3976,136344,7322,68731,3691
27-10-2022,99.4,96.5,100.4,98.95,8825170164,1380,18.6215,3935,137172,7366,69148,3713
28-10-2022,96.95,96.95,99.25,98.17,1870662946,1380,18.6215,3879,133791,7185,67444,3622
31-10-2022,101.3,96.8,101.5,98.94,6452211849,1380,18.625,3979,139794,7506,70470,3784
01-11-2022,102.4,101.1,104.8,102.84,6407381966,1380,18.6291,4055,141312,7586,71235,3824
02-11-2022,100.8,100.4,102.8,101.49,6046134117,1380,18.6316,4072,139104,7466,70122,3764
03-11-2022,101.8,101,104.5,102.6,10681513421,1380,18.6307,4105,140484,7540,70818,3801
04-11-2022,104.2,101.8,106.4,104.62,11765115520,1380,18.6271,4217,143796,7720,72488,3892
07-11-2022,107.2,102.8,107.6,104.96,11387530070,1380,18.6168,4332,147936,7946,74575,4006
08-11-2022,113,105.6,115.5,111.7,13413483178,1380,18.6138,4360,155940,8378,78609,4223
09-11-2022,111.2,111,116.2,113.24,10102115230,1380,18.6126,4361,153456,8245,77357,4156
10-11-2022,113.4,110.9,114.3,112.69,8221987236,1380,18.6127,4467,156492,8408,78888,4238
11-11-2022,111.5,111.1,115.6,113.51,9143633629,1380,18.5448,4456,153870,8297,77566,4183
14-11-2022,109.7,107.5,111.7,109.95,8996284014,1380,18.6153,4570,151386,8132,76314,4100
15-11-2022,109,107.9,113.1,110.52,9787977910,1380,18.6199,4657,150420,8078,75827,4072
16-11-2022,104.6,104.1,109.6,106.53,10584460184,1380,18.6251,4669,144348,7750,72766,3907
17-11-2022,107,101.4,108.9,106.64,12411455682,1380,18.6294,4507,147660,7926,74435,3996
18-11-2022,106.6,105.7,109.4,107.41,7724043503,1380,18.628,4527,147108,7897,74157,3981
21-11-2022,106.9,104.4,107.8,106.11,6604263512,1380,18.6314,4570,147522,7918,74366,3991
22-11-2022,111.2,107.2,111.2,108.76,10175313650,1380,18.6369,4781,153456,8234,77357,4151
23-11-2022,112.5,110.9,113.5,112.37,9264862371,1380,18.6397,4854,155250,8329,78262,4199
24-11-2022,111.6,111.3,114.5,112.89,9756812275,1380,18.638,4858,154008,8263,77635,4165
25-11-2022,113.8,110.5,114,112.1,9462969354,1380,18.6406,4874,157044,8425,79166,4247
28-11-2022,115.1,113.8,117.5,115.57,9966236634,1380,18.6404,4923,158838,8521,80070,4296
29-11-2022,120.5,113.4,121,117.1,12505041823,1380,18.6475,4962,166290,8918,83827,4495
30-11-2022,120,118.7,121.1,119.9,6812385062,1380,18.653,4978,165600,8878,83479,4475
01-12-2022,124.4,122.3,126.1,124.49,9113075868,1380,18.6458,5046,171672,9207,86540,4641
02-12-2022,128.3,123.7,129.2,126.9,9899539117,1380,18.6438,4963,177054,9497,89253,4787
05-12-2022,138.6,127.2,141,133.37,14530361131,1380,18.6465,4958,191268,10258,96418,5171
06-12-2022,135.6,133.4,140,136.88,9349278315,1380,18.6479,5000,187128,10035,94331,5059
07-12-2022,134.7,130.3,139.3,136.39,10679323637,1380,18.6501,4827,185886,9967,93705,5024
08-12-2022,135.8,132.7,138,135.61,9586996575,1380,18.6538,4856,187404,10046,94470,5064
09-12-2022,141,135.4,142.3,139.37,9465868320,1380,18.6544,5005,194580,10431,98088,5258
12-12-2022,145,141.8,146.5,143.69,12502455028,1380,18.6534,5193,200100,10727,100870,5408
13-12-2022,144,143.6,146.6,144.88,8430869524,1380,18.6581,5256,198720,10651,100175,5369
14-12-2022,137,137,145.2,142.23,9120950855,1380,18.6602,5067,189060,10132,95305,5107
15-12-2022,140.1,137,143.2,140.28,8208647484,1380,18.6589,5189,193338,10362,97462,5223
16-12-2022,139.3,138.6,142.2,140.26,7068350765,1380,18.6603,5214,192234,10302,96905,5193
19-12-2022,143.3,140.3,144.2,142.83,7226233080,1380,18.6647,5392,197754,10595,99688,5341
20-12-2022,145.9,144,148,145.96,10762159297,1380,18.6717,5419,201342,10783,101496,5436
21-12-2022,142.9,142.9,146.8,144.65,7320225991,1380,18.6768,5429,197202,10559,99410,5323
22-12-2022,142.1,141.1,145.4,143.67,6825310097,1380,18.6858,5447,196098,10494,98853,5290
23-12-2022,141.8,140.8,143.3,142.1,5402916803,1380,18.6928,5455,195684,10468,98644,5277
26-12-2022,145,142.8,145.3,144.24,6301883747,1380,18.6986,5504,200100,10701,100870,5395
27-12-2022,143.1,143,146.6,144.53,9142366444,1380,18.715,5435,197478,10552,99549,5319
28-12-2022,140.1,137.1,143.8,140.44,6820576618,1380,18.7301,5346,193338,10322,97462,5203
29-12-2022,142.3,138.5,143.2,141.38,6441918661,1380,18.7303,5477,196374,10484,98992,5285
30-12-2022,140.9,140.5,145.4,143.11,7185286509,1380,18.732,5509,194442,10380,98018,5233
02-01-2023,146.8,142.1,147.1,144.85,8798936818,1380,18.7366,5661,202584,10812,102123,5450
03-01-2023,147.4,146.4,150.4,148.52,10925716712,1380,18.7442,5627,203412,10852,102540,5470
04-01-2023,144.5,143.6,148.2,145.96,7306022121,1380,18.7531,5523,199410,10633,100523,5360
05-01-2023,135.2,134.5,147.2,143.3,10783049006,1380,18.7725,5116,186576,9939,94053,5010
06-01-2023,142.5,132.4,144.2,138.67,11707688331,1380,18.7836,5342,196650,10469,99131,5278
09-01-2023,138.4,138.1,144.8,141.6,9223090771,1380,18.7876,5171,190992,10166,96279,5125
10-01-2023,131.2,131.2,138.4,136.09,7228138030,1380,18.7893,4988,181056,9636,91270,4858
11-01-2023,125.3,125.3,135,130.59,8781311629,1380,18.7919,4729,172914,9202,87166,4638
12-01-2023,135.8,125.1,136.4,131.3,13291604595,1380,18.7946,4971,187404,9971,94470,5026
13-01-2023,134.7,133.2,138,135.59,8141393455,1380,18.793,4985,185886,9891,93705,4986
16-01-2023,144.4,134.6,144.4,140.48,9813045150,1380,18.8019,5208,199272,10599,100453,5343
17-01-2023,147.4,143.2,147.8,145.17,10947731089,1380,18.8029,5315,203412,10818,102540,5453
18-01-2023,149.1,146.9,151.1,149.19,13193241910,1380,18.8039,5384,205758,10942,103723,5516
19-01-2023,154.6,148.3,155.6,153.12,15474378321,1380,18.808,5422,213348,11343,107549,5718
20-01-2023,152.9,151.9,155.5,154.03,8788356982,1380,18.811,5490,211002,11217,106366,5654
23-01-2023,151.2,149,156.4,154.2,9400529096,1380,18.8183,5404,208656,11088,105183,5589
24-01-2023,149.7,147.5,152.9,150.27,8909046562,1380,18.8073,5367,206586,10984,104140,5537
25-01-2023,151.8,144.4,153.3,149.62,16289390767,1380,18.8188,5298,209484,11132,105601,5611
26-01-2023,150.2,149.6,153.2,151.46,11923966303,1380,18.8191,5231,207276,11014,104488,5552
27-01-2023,149.8,143.9,150.6,147.73,11981888236,1380,18.8191,5192,206724,10985,104210,5537
30-01-2023,144.8,144.8,150.3,147.4,7173401727,1380,18.8215,5096,199824,10617,100731,5352
31-01-2023,137.6,137.6,144.5,141.2,9282022086,1380,18.8216,4977,189888,10089,95723,5086
01-02-2023,130.8,130.8,140.3,136.87,8836381312,1380,18.8235,4713,180504,9589,90992,4834
02-02-2023,134.6,125.1,136.4,131.6,13562737619,1380,18.8252,4752,185748,9867,93636,4974
03-02-2023,142.7,133.2,143.4,137.69,10693152762,1380,18.8287,4998,196926,10459,99270,5272
06-02-2023,139.9,134,141.5,137.99,1967396170,1380,18.843,4930,193062,10246,97323,5165
07-02-2023,127.2,126,138.8,130.39,6282520280,1380,18.8426,4505,175536,9316,88488,4696
15-02-2023,139.9,135,139.9,138.39,2841682082,1380,18.8621,4950,193062,10235,97323,5160
16-02-2023,140,138.8,152.8,144.84,9267066143,1380,18.8659,5009,193200,10241,97392,5162
17-02-2023,141.3,136.3,143.3,140.79,4382819083,1380,18.87,5027,194994,10334,98296,5209
20-02-2023,141.3,139.7,142.4,141.33,4261091703,1380,18.8777,5149,194994,10329,98296,5207
21-02-2023,137.5,137.5,141.7,139.79,4068703889,1380,18.8803,5149,189750,10050,95653,5066
22-02-2023,136.4,135.7,140.4,138.01,4052505413,1380,18.8846,5071,188232,9967,94888,5025
23-02-2023,136.6,136.1,139,137.42,3087930838,1380,18.8887,5086,188508,9980,95027,5031
24-02-2023,135,134.9,137.5,136.24,2596248407,1380,18.8906,5059,186300,9862,93914,4971
27-02-2023,143.4,133.5,143.4,139.26,7300354734,1380,18.8972,5197,197892,10472,99757,5279
28-02-2023,143.6,141.4,145.5,143.55,6513675927,1380,18.8986,5237,198168,10486,99896,5286
01-03-2023,147.5,144.4,148.7,146.61,5807549195,1380,18.8991,5323,203550,10770,102610,5429
02-03-2023,142,141.8,146.2,143.72,5227417358,1380,18.901,5261,195960,10368,98783,5226
03-03-2023,138.7,135.5,143.2,139.11,5521445729,1380,18.8927,5212,191406,10131,96488,5107
06-03-2023,142.4,138.7,144.5,141.47,5336829996,1380,18.9141,5392,196512,10390,99062,5237
07-03-2023,141,141,144.9,142.94,5855975112,1380,18.9247,5382,194580,10282,98088,5183
08-03-2023,140.1,139.4,142,140.49,3217112871,1380,18.9476,5438,193338,10204,97462,5144
09-03-2023,140.5,140.4,143.3,141.69,3825921071,1380,18.9636,5446,193890,10224,97740,5154
10-03-2023,138.7,138.4,141,139.76,2825975036,1380,18.9716,5385,191406,10089,96488,5086
13-03-2023,135.8,135.5,140.1,137.09,3441061144,1380,18.9835,5323,187404,9872,94470,4976
14-03-2023,132.3,132.3,137.3,135.06,2864962614,1380,18.9855,5207,182574,9616,91999,4846
15-03-2023,130.9,129.6,134.3,131.87,3338887213,1380,18.9924,5122,180642,9511,91025,4793
16-03-2023,132.2,130.1,133.4,132.12,3086606955,1380,19.0098,5230,182436,9597,91929,4836
17-03-2023,126.5,126.5,134.4,131.04,3448602532,1380,19.0127,5136,174570,9182,87966,4627
20-03-2023,126.1,124.7,129.3,127.16,3752297333,1380,19.0261,4975,174018,9146,87688,4609
21-03-2023,123.9,122.5,127.1,124.43,3784791598,1380,19.0357,4907,170982,8982,86158,4526
22-03-2023,127.9,122.8,127.9,124.75,3535726338,1380,19.0508,5001,176502,9265,88939,4669
23-03-2023,129.4,125.8,129.5,127.6,2801068252,1380,19.0566,5062,178572,9371,89982,4722
24-03-2023,128.4,126.9,130.7,128.8,3345060811,1380,19.0714,5032,177192,9291,89287,4682
27-03-2023,125.3,125.3,129.3,127.2,2136364264,1380,19.1023,4998,172914,9052,87131,4561
28-03-2023,119.4,119.4,125.4,122.51,2886203790,1380,19.1183,4811,164772,8619,82913,4337
29-03-2023,124.6,117.6,124.6,120.4,3667544040,1380,19.1415,4943,171948,8983,86524,4520
30-03-2023,121.9,121.5,125.4,123.79,2833548030,1380,19.1804,4896,168222,8771,84649,4413
31-03-2023,118.5,118.5,121.5,119.54,2166042431,1380,19.1878,4813,163530,8523,82288,4289
03-04-2023,120.8,115.9,122.7,118.99,3432922029,1380,19.2133,4839,166704,8676,83885,4366
04-04-2023,128.1,120.2,128.7,124.46,4977213900,1380,19.2347,4984,176778,9191,88955,4625
05-04-2023,125.3,125.3,129.8,127.95,4319837027,1380,19.2612,4920,172914,8977,87010,4517
06-04-2023,127.2,125.2,128,126.82,3680090543,1380,19.2708,4913,175536,9109,88330,4584
07-04-2023,127.4,126.4,129.5,127.82,2805774922,1380,19.2679,4925,175812,9125,88469,4592
10-04-2023,133.5,128.1,133.8,130.64,6046362617,1380,19.2727,5092,184230,9559,92705,4810
11-04-2023,133,132.2,134.3,133.09,4640437676,1380,19.2966,5124,183540,9512,92357,4786
12-04-2023,133.4,132.9,136,134.69,5291064638,1380,19.3232,5146,184092,9527,92635,4794
13-04-2023,137.1,134.2,138.2,136.39,5228301894,1380,19.3418,5136,189198,9782,95204,4922
14-04-2023,134.4,134.2,137.4,135.74,3420658505,1380,19.3712,5093,185472,9575,93330,4818
17-04-2023,135.7,133.2,136.2,134.88,4188480708,1380,19.389,5059,187266,9658,94232,4860
18-04-2023,136.2,135.3,137.6,136.4,3520546698,1380,19.4104,5019,187956,9683,94579,4873
19-04-2023,134.7,133.8,136.9,135.29,2707395394,1380,19.4155,5061,185886,9574,93538,4818
20-04-2023,134,133.3,134.6,133.79,827345543,1380,19.4155,5012,184920,9524,93052,4793
24-04-2023,136.3,134.4,136.9,135.81,3697256388,1380,19.4202,5023,188094,9685,94649,4874
25-04-2023,133.7,133.6,137.2,135.86,3277769028,1380,19.4286,4891,184506,9497,92788,4776
26-04-2023,130,128.8,134,131.29,4048642812,1380,19.4379,4784,179400,9229,90220,4641
27-04-2023,130.8,129.6,133.3,131.32,4138249771,1380,19.4453,4790,180504,9283,90775,4668
28-04-2023,127.8,125.7,131.7,129.23,3375426609,1380,19.4618,4618,176364,9062,88693,4557
02-05-2023,126.3,125.9,130.4,128.05,4189088888,1380,19.4767,4506,174294,8949,87652,4500
03-05-2023,129.2,124.1,129.3,126.67,4895219998,1380,19.4861,4486,178296,9150,89665,4601
04-05-2023,127.7,127.3,130.1,128.93,4269640637,1380,19.4998,4484,176226,9037,88624,4545
05-05-2023,125.5,124.2,128.8,126.26,2446182716,1380,19.5098,4401,173190,8877,87097,4464
08-05-2023,132.8,124.8,133.1,128.81,3533215468,1380,19.5188,4562,183264,9389,92163,4722
09-05-2023,128.8,128.6,133.3,131.32,3933680361,1380,19.526,4536,177744,9103,89387,4578
10-05-2023,126.8,126.7,129.9,128.04,2829393107,1380,19.5486,4494,174984,8951,87999,4502
11-05-2023,136.3,126.3,138.3,134.24,7906719813,1380,19.5741,4848,188094,9609,94592,4833
12-05-2023,132.6,131.4,137.5,134.53,5534904615,1380,19.6002,4796,182988,9336,92025,4695
15-05-2023,124.4,123.4,136,131.83,7264400041,1380,19.674,4501,171672,8726,86334,4388
16-05-2023,135.9,125.6,136.4,131.46,6914216239,1380,19.7154,4590,187542,9512,94315,4784
17-05-2023,137.1,134.7,138.1,136.61,6519318104,1380,19.7692,4662,189198,9570,95148,4813
18-05-2023,132.6,131.4,138.8,135.34,5812137864,1380,19.7963,4502,182988,9244,92025,4649
22-05-2023,135.5,132.4,137.9,134.89,5768994748,1380,19.8404,4466,186990,9425,94037,4740
23-05-2023,134.4,133,136,134.51,3012880858,1380,19.8627,4471,185472,9338,93274,4696
24-05-2023,132.8,132.1,135.6,133.63,2880494293,1380,19.8957,4425,183264,9211,92163,4632
25-05-2023,134.1,132.6,136.1,134.22,3772753760,1380,19.9386,4428,185058,9281,93066,4668
26-05-2023,142.3,134.5,143.6,139.22,7796653740,1380,19.9872,4581,196374,9825,98756,4941
29-05-2023,146,144.6,148.6,146.96,9131804304,1380,20.0814,4769,201480,10033,101365,5048
30-05-2023,147,146.1,148.8,147.48,9493435689,1380,20.347,4951,202860,9970,102059,5016
31-05-2023,143.8,143.8,149.4,147.03,8365843650,1380,20.7005,4887,198444,9586,99837,4823
01-06-2023,147,144.8,148.6,146.96,6107264770,1380,20.7903,4960,202860,9757,102059,4909
02-06-2023,150.1,147.4,151.2,149.77,7041367897,1380,20.8822,5115,207138,9919,104211,4990
05-06-2023,164.5,153.6,164.9,159.34,13027260249,1380,21.1846,5373,227010,10716,114209,5391
06-06-2023,165.4,160.7,165.8,163.72,9499653585,1380,21.4952,5389,228252,10619,114834,5342
07-06-2023,172.5,170.5,174.8,172.47,10138671707,1380,23.0625,5561,238050,10322,119763,5193
08-06-2023,171.6,168.6,173,171.2,7471766411,1380,23.3632,5554,236808,10136,119138,5099
09-06-2023,176.9,171.1,178.1,174.51,12507334906,1380,23.4736,5626,244122,10400,122818,5232
12-06-2023,183.3,177.6,185.8,182.94,11777302207,1380,23.6542,5589,252954,10694,127261,5380
13-06-2023,177.8,176.4,183.5,179,8391542504,1380,23.6813,5429,245364,10361,123663,5222
14-06-2023,182.9,177.4,183,180.92,12582934035,1380,23.6414,5361,252402,10676,127211,5381
15-06-2023,183,181.5,184.5,183.25,7453398769,1380,23.6815,5495,252540,10664,127280,5375
16-06-2023,180.7,180.5,186.2,183.33,8564601998,1380,23.6814,5475,249366,10530,125656,5306
19-06-2023,174,173,181.8,178.1,6958862974,1380,23.6797,5269,240120,10140,120996,5110
20-06-2023,171.4,170.6,174.3,172.32,6534235351,1380,23.6194,5252,236532,10014,119188,5046
21-06-2023,169.4,168.1,173.8,171.79,6036223592,1380,23.5917,5187,233772,9909,117798,4993
22-06-2023,180.3,169.3,181.8,175.84,12651158587,1380,23.6665,5428,248814,10513,125377,5298
23-06-2023,184.7,181.5,186.3,184.41,8958485316,1380,25.296,5583,254886,10076,128437,5077
26-06-2023,191,185.5,191.5,189.69,8934954564,1380,25.8696,5733,263580,10189,132818,5134
27-06-2023,193.7,189.2,193.7,191.19,3379027826,1380,25.8696,5759,267306,10333,134695,5207
03-07-2023,210.5,201.2,211.9,208.44,12733549548,1380,26.0781,6015,290490,11139,146378,5613
04-07-2023,208.1,207.4,211.5,209.12,8428285321,1380,26.0503,6004,287178,11024,144709,5555
05-07-2023,216.5,204.1,216.5,211.16,15189535923,1380,26.0944,6107,298770,11450,150550,5769
06-07-2023,216.6,215.5,220.6,218.13,11000700721,1380,26.0921,6141,298908,11456,150620,5773
07-07-2023,215.2,214.6,218.2,216.42,6946785030,1380,26.085,6187,296976,11385,149646,5737
10-07-2023,214.6,213,217.7,215.48,8770355816,1380,26.1033,6270,296148,11345,149229,5717
11-07-2023,215.3,214.6,218.3,216.6,7548486580,1380,26.1191,6363,297114,11375,149716,5732
12-07-2023,210.9,210.9,215.6,213.22,6883898149,1380,26.1569,6342,291042,11127,146656,5607
13-07-2023,209.5,208.6,213.7,211.51,7324013117,1380,26.1665,6368,289110,11049,145683,5568
14-07-2023,213.5,211.2,214.7,213.18,8272042944,1380,26.1917,6438,294630,11249,148464,5668
17-07-2023,218.8,214.7,219,217.55,9912994602,1380,26.2861,6600,301944,11487,152150,5788
18-07-2023,214,213.5,221,217.83,10562072373,1380,26.8716,6365,295320,10990,148812,5538
19-07-2023,223.6,213.1,224.3,218.99,12464489787,1380,26.9448,6571,308568,11452,155487,5771
20-07-2023,225.2,222.5,227.2,225.03,11688795566,1380,26.9362,6682,310776,11537,156600,5814
21-07-2023,223.6,222.1,225.5,224,7494852362,1380,26.9428,6688,308568,11453,155487,5771
24-07-2023,221.8,220.6,226.8,224.55,9998869979,1380,26.9697,6695,306084,11349,154236,5719
25-07-2023,217.3,217.3,223.1,220.87,11818512742,1380,26.9748,6605,299874,11117,151107,5602
26-07-2023,224.1,215.8,224.1,219.84,6994894896,1380,26.9768,6744,309258,11464,155835,5777
27-07-2023,228.5,222.5,228.7,225.4,9391208411,1380,26.9794,6856,315330,11688,158895,5889
28-07-2023,235,228.4,237.6,232.94,12264859948,1380,26.9879,7067,324300,12016,163415,6055
31-07-2023,234.3,232.6,236.6,235.01,9249888433,1380,26.9808,7217,323334,11984,162928,6039
01-08-2023,231,230.7,235.1,232.84,6650067667,1380,26.9814,7169,318780,11815,160633,5953
02-08-2023,236.5,230.3,239.1,235.49,9298513658,1380,26.9868,7259,326370,12094,164458,6094
03-08-2023,235,234,238.4,236.4,7878590686,1380,26.9983,7222,324300,12012,163415,6053
04-08-2023,248.8,234.9,251.2,242.28,14904409407,1380,27.0031,7401,343344,12715,173011,6407
07-08-2023,266.9,249.9,269.1,262.54,16062815004,1380,27.0137,7470,368322,13635,185597,6870
08-08-2023,261.8,258.6,269.8,263.35,13802403850,1380,27.0306,7412,361284,13366,182051,6735
09-08-2023,260,252.6,264.2,258.61,14409529760,1380,27.0378,7601,358800,13270,180799,6687
10-08-2023,258.5,257.5,269.7,264.37,15098529954,1380,27.0464,7442,356730,13190,179756,6646
11-08-2023,265.7,257.1,265.7,262.47,13388428432,1380,27.0546,7714,366666,13553,184763,6829
14-08-2023,261.4,260.4,267.4,264.14,10302265807,1380,27.0656,7737,360732,13328,181773,6716
15-08-2023,259.7,256.3,265.1,261.84,10272685128,1380,27.0707,7691,358386,13239,180591,6671
16-08-2023,254.5,254.5,260.5,256.91,7494586722,1380,27.0741,7662,351210,12972,176975,6537
17-08-2023,262.1,253.2,262.1,258.47,9799758872,1380,27.1169,7764,361698,13338,182260,6721
18-08-2023,251.4,249.9,263.6,258.81,9057125164,1380,27.1094,7513,346932,12797,174819,6449
21-08-2023,259,248.5,259.6,254.39,12071157438,1380,27.1763,7797,357420,13152,180175,6630
22-08-2023,254.9,253.2,263.7,258.38,12206465454,1380,27.2165,7771,351762,12925,177323,6515
23-08-2023,239.7,239.5,256.2,247.98,11078535630,1380,27.2226,7602,330786,12151,166749,6125
24-08-2023,230.5,229.3,250.2,239.46,13885320314,1380,27.1425,7492,318090,11719,160349,5908
25-08-2023,238,227.3,239.2,232.66,8305739163,1380,26.4536,7717,328440,12416,165567,6259
28-08-2023,256,239.8,257,249.46,12255990268,1380,26.5749,7942,353280,13294,178088,6701
29-08-2023,247.9,246.1,256,250.66,7146630032,1380,26.6242,7907,342102,12849,172454,6477
31-08-2023,245,245,252.8,248.32,6120742001,1380,26.6242,7918,338100,12699,170436,6402
01-09-2023,254,241.7,255.5,249.85,11604889435,1380,26.7264,8056,350520,13115,176697,6611
04-09-2023,252.7,251.7,258.6,255.16,9651057922,1380,26.7831,8141,348726,13020,175793,6564
05-09-2023,252,249.1,254.4,251.38,6243230384,1380,26.8087,8236,347760,12972,175306,6539
06-09-2023,245,245,252.7,248.55,6840074057,1380,26.8183,8182,338100,12607,170436,6355
07-09-2023,244.6,242.9,247.5,244.69,6135928315,1380,26.8531,8338,337548,12570,170158,6337
08-09-2023,243.3,243.3,249.6,246.46,7079807971,1380,26.857,8325,335754,12502,169254,6302
11-09-2023,234.5,232.7,244.6,239.57,7003318332,1380,26.8897,8146,323610,12035,163132,6067
12-09-2023,236,232.8,243.2,237.64,8282209001,1380,26.9066,8160,325680,12104,164175,6102
13-09-2023,231.7,230.8,238.3,234.92,5838627565,1380,26.9509,8014,319746,11864,161184,5981
14-09-2023,238.5,227,238.7,231.74,7849781075,1380,26.9554,8119,329130,12210,165914,6155
15-09-2023,227.1,227.1,236,229.86,8573719849,1380,26.9785,7962,313398,11617,157984,5856
18-09-2023,218.1,216.5,228.6,221.41,8726802287,1380,27.03,7680,300978,11135,151723,5613
19-09-2023,218.6,214.6,222.8,218.52,8850216170,1380,27.0424,7784,301668,11155,152071,5623
20-09-2023,223.3,221.5,228.2,225.12,11025147436,1380,27.0396,7720,308154,11396,155340,5745
21-09-2023,232.6,218.3,232.9,225.43,10192501630,1380,27.0507,8000,320988,11866,161810,5982
22-09-2023,226.1,226.1,233.9,229.89,6577945587,1380,27.1528,8039,312018,11491,157288,5793
25-09-2023,232.5,226.2,233.2,229.96,10738526394,1380,27.224,8305,320850,11786,161740,5941
26-09-2023,227.5,227.3,236.8,232.59,11387047358,1380,27.2598,8242,313950,11517,158262,5806
27-09-2023,230.4,227.9,234.9,231.44,10423637540,1380,27.3131,8214,317952,11641,160280,5868
28-09-2023,243.2,230.9,246.1,240.12,23586282556,1380,27.4245,8219,335616,12238,169184,6169
29-09-2023,242.5,240.6,249.7,246.31,12939953245,1380,27.426,8335,334650,12202,168697,6151
02-10-2023,253.4,241.4,255.2,249.39,15553874739,1380,27.4537,8487,349692,12738,176280,6421
03-10-2023,247.7,247,255.6,251.12,10824943514,1380,27.5013,8514,341826,12429,172314,6266
04-10-2023,238.5,237.5,249,242.4,9040917210,1380,27.5812,8333,329130,11933,165914,6015
05-10-2023,241.5,232.9,243.8,239.25,10190457774,1380,27.5759,8488,333270,12086,168001,6092
06-10-2023,238.4,238.3,242.9,240.18,7375272445,1380,27.6076,8465,328992,11917,165845,6007
09-10-2023,227.2,227.2,233.2,230.67,7025716883,1380,27.7058,8193,313536,11317,158053,5705
10-10-2023,238.1,230.2,238.5,233.65,7710322661,1380,27.729,8443,328578,11850,165636,5973
11-10-2023,230.1,229.4,237.4,232.45,5803992163,1380,27.7393,8331,317538,11447,160071,5771
12-10-2023,225.1,218.7,235,227.67,8467534087,1380,27.7576,8259,310638,11191,156593,5641
13-10-2023,222.2,219.4,224.2,221.58,6310901704,1380,27.7939,8113,306636,11032,154575,5561
16-10-2023,223,222,228.3,224.16,7131977835,1380,27.8865,7935,307740,11035,155132,5563
17-10-2023,225.1,220,225.9,223.18,7544345887,1380,27.9221,8115,310638,11125,156593,5608
18-10-2023,216.5,216.1,221.3,219.05,6391011118,1380,28.0163,7843,298770,10664,150610,5376
19-10-2023,213.6,213,221.1,217.73,8764512643,1380,28.0153,7769,294768,10522,148593,5304
20-10-2023,207.1,205.2,211.2,208.64,7377830084,1380,28.0218,7511,285798,10199,144071,5141
23-10-2023,213.7,208,215.2,211.99,8485578549,1380,28.0608,7750,294906,10510,148662,5298
24-10-2023,218,211.8,219,214.79,9861775166,1380,28.1042,7990,300840,10704,151653,5396
25-10-2023,203,203,224.2,217.01,11065181848,1380,28.1313,7425,280140,9958,141219,5020
26-10-2023,214.2,203.3,215.4,209.44,10744515025,1380,28.1532,7662,295596,10500,149010,5293
27-10-2023,217.2,208.3,217.9,211.94,9168253179,1380,28.1765,7706,299736,10638,151097,5363
30-10-2023,218.9,215.8,221.1,218.42,7808411010,1380,28.2552,7713,302082,10691,152280,5389
31-10-2023,217.3,216.5,223.9,220.43,8818751280,1380,28.2874,7514,299874,10601,151166,5344
01-11-2023,218.1,210.7,220.7,216.33,9889325271,1380,28.28,7529,300978,10643,151723,5365
02-11-2023,223,218.7,228.2,224.6,17200631688,1380,28.3573,7664,307740,10852,155132,5471
03-11-2023,225.7,219.2,226.7,223.17,10436201316,1380,28.399,7706,311466,10967,157010,5529
06-11-2023,226.2,225.8,229,227.64,7858168434,1380,28.4395,7868,312156,10976,157358,5533
07-11-2023,226,225.6,228.1,226.78,7237438330,1380,28.4865,7845,311880,10948,157219,5519
08-11-2023,228.6,227.3,231.1,229.12,9052975110,1380,28.528,7861,315468,11058,159027,5574
09-11-2023,230.2,224.9,230.5,227.68,7728624428,1380,28.5272,7841,317676,11136,160140,5614
10-11-2023,229.1,228.2,231.7,229.95,7312220064,1380,28.537,7771,316158,11079,159375,5585
13-11-2023,232.2,228.7,240,234.76,13509754051,1380,28.5934,7568,320436,11207,161532,5649
14-11-2023,237.1,232.9,237.9,235.44,8949736377,1380,28.6341,7671,327198,11427,164941,5760
15-11-2023,235.6,234.8,238.3,236.46,8502032605,1380,28.6679,7666,325128,11341,163897,5717
16-11-2023,244.3,235.4,244.3,240.13,10348943796,1380,28.7045,7781,337134,11745,169949,5921
17-11-2023,254.25,243.9,255.25,249.94,12204388419,1380,28.7109,7853,350865,12221,176871,6160
20-11-2023,254.75,254.25,260.5,257.07,9478275377,1380,28.7568,7946,351555,12225,177219,6163
21-11-2023,268.5,254.25,269.25,261.44,18599165112,1380,28.7992,8047,370530,12866,186784,6486
22-11-2023,262,260.5,268.75,264.21,9218362046,1380,28.8136,7987,361560,12548,182262,6326
23-11-2023,260.75,259.5,267.75,263.56,16367918856,1380,28.8304,7899,359835,12481,181393,6292
24-11-2023,259.75,259,263.5,261.35,8768557583,1380,28.8607,7960,358455,12420,180697,6261
27-11-2023,260.5,257.25,262.25,260.22,10603382606,1380,28.9104,8107,359490,12435,181219,6268
28-11-2023,261,259.75,264.25,261.71,9264274649,1380,28.9289,8094,360180,12451,181567,6276
29-11-2023,255,255,262.25,257.61,8920348795,1380,28.9116,8009,351900,12172,177393,6136
30-11-2023,251,249.9,256.5,253.56,8119643139,1380,28.8728,7949,346380,11997,174610,6048
01-12-2023,260.75,253,260.75,257.17,11837639832,1380,28.9073,8026,359835,12448,181393,6275
04-12-2023,262,258.5,264,261.94,10598116441,1380,28.9035,8087,361560,12509,182262,6306
05-12-2023,259,256.75,263.25,259.9,8371744925,1380,28.9225,8057,357420,12358,180175,6230
06-12-2023,251.25,251,259.75,255.12,7395226629,1380,28.9313,7855,346725,11984,174784,6041
07-12-2023,259.75,248.9,259.75,253.66,8871431920,1380,28.926,7979,358455,12392,180697,6247
08-12-2023,254,252.75,261,256.65,7283720315,1380,28.9495,7914,350520,12108,176697,6104
11-12-2023,246.3,246.3,254.5,249.45,8303669409,1380,28.9917,7728,339894,11724,171341,5910
12-12-2023,249,244.7,250.75,247.64,10779897570,1380,29.0295,7749,343620,11837,173219,5967
13-12-2023,241.3,241.1,248.5,244.29,6092133226,1380,29.0579,7529,332994,11460,167862,5777
14-12-2023,252.25,241.9,252.75,247.18,9236097228,1380,29.0328,7813,348105,11990,175480,6044
15-12-2023,253.25,251.5,256.75,253.96,8641175718,1380,29.0369,7994,349485,12036,176175,6067
18-12-2023,245.7,244.8,252.75,248.58,6916329979,1380,29.0576,7790,339066,11669,170923,5882
19-12-2023,245.3,242.2,248.2,245.28,8676394530,1380,29.0822,7726,338514,11640,170645,5868
20-12-2023,241.9,241.6,245.9,243.1,6231328864,1380,29.1201,7663,333822,11464,168280,5779
21-12-2023,245,241,247.2,243.78,9873105410,1380,29.1422,7765,338100,11602,170436,5848
22-12-2023,233,233,245.1,238.85,7610296924,1380,29.1869,7558,321540,11017,162088,5553
25-12-2023,226.2,223.9,232.4,227.8,3864989289,1380,29.2634,7265,312156,10667,157358,5377
26-12-2023,227.7,226.1,232.7,229.25,5699205099,1380,29.3174,7299,314226,10718,158401,5403
27-12-2023,222.2,221.6,229.5,226.19,5879095387,1380,29.3903,7260,306636,10433,154575,5259
28-12-2023,229,222.5,231,227.48,5725142504,1380,29.4502,7396,316020,10731,159306,5409
29-12-2023,228.6,227.9,231,229.47,4064684246,1380,29.4913,7470,315468,10697,159027,5392
02-01-2024,236.4,233.5,237.8,235.8,5949755027,1380,29.4913,7624,326232,11062,164584,5581
03-01-2024,230.1,229.7,236,232.32,4572165055,1380,29.793,7412,317538,10658,160198,5377
04-01-2024,233.3,229.7,234.3,232.25,4752374432,1380,29.7988,7548,321954,10804,162426,5451
05-01-2024,239.2,233.2,239.2,235.42,7337523547,1380,29.825,7629,330096,11068,166533,5584
08-01-2024,242.6,237.7,244.1,241.87,6354251281,1380,29.8879,7819,334788,11201,168901,5651
09-01-2024,242.9,239.4,250.5,245.4,11352141563,1380,29.9361,7736,335202,11197,169109,5649
10-01-2024,249.9,242.2,252.25,247.39,11467212507,1380,29.9675,7874,344862,11508,173983,5806
11-01-2024,246.7,245,251.5,247.61,7356198760,1380,30.0121,7896,340446,11344,171755,5723
12-01-2024,251,241.9,254.75,249.15,11530463733,1380,30.0704,7986,346380,11519,174749,5811
15-01-2024,253.25,248.7,254.75,251.67,8802777034,1380,30.099,8044,349485,11611,176315,5858
16-01-2024,249.8,248.1,253.5,250.32,6848855251,1380,30.1011,8032,344724,11452,173913,5778
17-01-2024,252.5,248.1,254.75,252.18,8861517965,1380,30.1263,8024,348450,11566,175793,5835
18-01-2024,250.75,250.75,255.25,253.05,6538588617,1380,30.1389,8016,346035,11481,174575,5792
19-01-2024,250.25,249.1,253,250.9,6513465304,1380,30.1761,7997,345345,11444,174227,5774
22-01-2024,250.25,250.25,256.5,252.99,7994323333,1380,30.235,8010,345345,11422,174227,5762
23-01-2024,248.8,248,255.25,251.46,7560612538,1380,30.273,7950,343344,11342,173217,5722
24-01-2024,251,249.2,253.5,251.31,7858175976,1380,30.269,8091,346380,11443,174749,5773
25-01-2024,252.25,251,255,252.97,7605292604,1380,30.273,8170,348105,11499,175619,5801
26-01-2024,260,252.5,260,256.72,11688369435,1380,30.2888,8346,358800,11846,181015,5976
29-01-2024,274,262.5,277.25,271.65,14988798543,1380,30.3394,8472,378120,12463,190762,6288
30-01-2024,272,270.5,275,272.83,9880015837,1380,30.3599,8474,375360,12364,189369,6237
31-01-2024,272.75,267,275.25,271.14,10253257608,1380,30.3497,8497,376395,12402,189891,6257
01-02-2024,274.5,272.5,277.25,274.71,10598488696,1380,30.3609,8646,378810,12477,191110,6295
02-02-2024,281.5,276.25,285.75,280.67,16604474218,1380,30.42,8666,388470,12770,195983,6443
05-02-2024,289.25,282.5,290.25,286.22,14020792443,1380,30.532,8777,399165,13074,201379,6596
06-02-2024,291,285.5,293.25,289.48,14757357592,1380,30.5626,8869,401580,13140,202597,6629
07-02-2024,286,286,292,288.39,8642863705,1380,30.5899,8843,394680,12902,199116,6509
08-02-2024,286.75,285.25,291.75,289.25,14742125593,1380,30.5907,8950,395715,12936,199638,6526
09-02-2024,294.75,286.25,294.75,288.65,10713229542,1380,30.6556,9046,406755,13269,205208,6694
12-02-2024,290.25,289.5,294,291.6,13047070691,1380,30.687,9175,400545,13053,202075,6585
